Chidamber-Kemerer metrics,terça, 7 nov. 2023 13:36:52 WET;;;;;;
Class;CBO;DIT;LCOM;NOC;RFC;WMC
net.sf.freecol.AllTests;5;1;1;0;9;2
net.sf.freecol.FreeCol;68;1;6;0;231;207
net.sf.freecol.FreeCol.LogLevel;1;1;1;0;5;3
net.sf.freecol.client.AllTests;2;1;1;0;5;1
net.sf.freecol.client.ClientOptions;63;5;3;0;98;52
net.sf.freecol.client.ClientTestHelper;10;1;2;0;23;2
net.sf.freecol.client.FreeColClient;320;1;6;0;173;95
net.sf.freecol.client.control.AllTests;3;1;1;0;3;1
net.sf.freecol.client.control.ClientInputHandler;6;2;2;0;11;3
net.sf.freecol.client.control.ConnectController;37;2;1;0;116;60
net.sf.freecol.client.control.FreeColClientHolder;24;1;1;14;26;16
net.sf.freecol.client.control.InGameController;195;2;12;0;700;786
net.sf.freecol.client.control.InGameController.MoveMode;1;n/a;4;n/a;5;4
net.sf.freecol.client.control.MapEditorController;32;2;2;0;83;24
net.sf.freecol.client.control.MapTransform;12;1;2;6;3;2
net.sf.freecol.client.control.MoveTest;17;4;2;0;23;3
net.sf.freecol.client.control.PreGameController;46;2;18;0;99;39
net.sf.freecol.client.control.SoundController;11;1;1;0;25;16
net.sf.freecol.client.gui.AllTests;3;1;1;0;3;1
net.sf.freecol.client.gui.Canvas;41;6;4;0;247;203
net.sf.freecol.client.gui.Canvas.ToolBoxFrame;1;5;0;0;0;0
net.sf.freecol.client.gui.CanvasMapEditorMouseListener;12;2;3;0;50;36
net.sf.freecol.client.gui.CanvasMouseListener;4;2;3;0;24;17
net.sf.freecol.client.gui.CanvasMouseMotionListener;5;2;1;0;13;4
net.sf.freecol.client.gui.ChoiceItem;32;1;7;0;29;30
net.sf.freecol.client.gui.DialogHandler;n/a;n/a;n/a;n/a;1;n/a
net.sf.freecol.client.gui.FontLibrary;43;1;2;0;34;33
net.sf.freecol.client.gui.FontLibrary.FontType;1;n/a;2;n/a;2;0
net.sf.freecol.client.gui.FontTest;3;4;1;0;13;2
net.sf.freecol.client.gui.FrameMotionListener;1;2;1;0;16;7
net.sf.freecol.client.gui.FreeColFrame;9;6;6;0;38;14
net.sf.freecol.client.gui.FullScreenFrameListener;2;1;7;0;13;9
net.sf.freecol.client.gui.GUI;220;2;164;1;313;263
net.sf.freecol.client.gui.GUI.ViewMode;7;n/a;2;n/a;2;0
net.sf.freecol.client.gui.GrayLayer;11;4;1;0;39;12
net.sf.freecol.client.gui.ImageLibrary;152;1;6;0;304;272
net.sf.freecol.client.gui.ImageLibrary.PathType;4;n/a;4;n/a;10;8
net.sf.freecol.client.gui.LoadingSavegameInfo;5;1;5;0;6;6
net.sf.freecol.client.gui.ModifierFormat;21;1;2;0;32;23
net.sf.freecol.client.gui.ScrollThread;5;2;1;0;17;11
net.sf.freecol.client.gui.Scrolling;13;2;1;0;32;23
net.sf.freecol.client.gui.Size;1;n/a;4;n/a;10;9
net.sf.freecol.client.gui.SplashScreen;2;6;0;0;17;1
net.sf.freecol.client.gui.SwingGUI;96;3;3;0;541;371
net.sf.freecol.client.gui.SwingGUI.PopupPosition;4;n/a;2;n/a;2;0
net.sf.freecol.client.gui.TilePopup;30;5;2;0;119;54
net.sf.freecol.client.gui.Widgets;112;1;1;0;176;109
net.sf.freecol.client.gui.Widgets.DialogCallback;6;1;1;0;6;4
net.sf.freecol.client.gui.WindowedFrameListener;3;2;7;0;14;9
net.sf.freecol.client.gui.action.AboutAction;6;3;1;0;5;2
net.sf.freecol.client.gui.action.ActionManager;100;5;4;0;113;23
net.sf.freecol.client.gui.action.AssignTradeRouteAction;7;5;2;0;9;5
net.sf.freecol.client.gui.action.AttackRangedAction;8;5;2;0;13;5
net.sf.freecol.client.gui.action.BuildColonyAction;10;5;2;0;16;4
net.sf.freecol.client.gui.action.CenterAction;8;5;1;0;7;4
net.sf.freecol.client.gui.action.ChangeAction;12;5;3;0;23;13
net.sf.freecol.client.gui.action.ChangeWindowedModeAction;7;5;1;0;5;3
net.sf.freecol.client.gui.action.ChatAction;5;3;2;0;11;3
net.sf.freecol.client.gui.action.ClearOrdersAction;7;5;1;0;7;2
net.sf.freecol.client.gui.action.ColopediaAction;6;3;1;0;9;2
net.sf.freecol.client.gui.action.ColopediaAction.PanelType;15;n/a;3;n/a;4;1
net.sf.freecol.client.gui.action.ContinueAction;9;3;1;0;15;5
net.sf.freecol.client.gui.action.DebugAction;6;3;1;0;9;4
net.sf.freecol.client.gui.action.DeclareIndependenceAction;8;4;2;0;9;3
net.sf.freecol.client.gui.action.DetermineHighSeasAction;7;3;2;0;10;4
net.sf.freecol.client.gui.action.DisbandUnitAction;7;5;1;0;8;2
net.sf.freecol.client.gui.action.DisplayBordersAction;7;5;1;0;11;2
net.sf.freecol.client.gui.action.DisplayFogOfWarAction;11;5;2;0;16;4
net.sf.freecol.client.gui.action.DisplayGridAction;8;5;1;0;11;2
net.sf.freecol.client.gui.action.DisplayTileTextAction;11;5;1;0;17;4
net.sf.freecol.client.gui.action.DisplayTileTextAction.DisplayText;5;n/a;3;n/a;4;1
net.sf.freecol.client.gui.action.EndTurnAction;7;4;1;0;5;2
net.sf.freecol.client.gui.action.EuropeAction;7;4;2;0;10;3
net.sf.freecol.client.gui.action.ExecuteGotoOrdersAction;6;4;1;0;5;2
net.sf.freecol.client.gui.action.FindSettlementAction;6;4;1;0;5;2
net.sf.freecol.client.gui.action.FortifyAction;9;5;1;0;11;3
net.sf.freecol.client.gui.action.FreeColAction;101;2;8;39;73;41
net.sf.freecol.client.gui.action.FreeColAction.InnerMenuKeyListener;1;1;3;0;12;5
net.sf.freecol.client.gui.action.GotoAction;8;5;2;0;10;4
net.sf.freecol.client.gui.action.GotoTileAction;7;5;2;0;9;3
net.sf.freecol.client.gui.action.ImprovementAction;11;5;1;0;15;5
net.sf.freecol.client.gui.action.LoadAction;15;4;2;0;19;7
net.sf.freecol.client.gui.action.MapControlsAction;8;5;1;0;14;3
net.sf.freecol.client.gui.action.MapEditorAction;5;3;1;0;5;2
net.sf.freecol.client.gui.action.MapboardAction;25;3;1;20;9;2
net.sf.freecol.client.gui.action.MiniMapToggleFogOfWarAction;7;4;1;0;12;6
net.sf.freecol.client.gui.action.MiniMapToggleViewAction;7;4;1;0;12;6
net.sf.freecol.client.gui.action.MiniMapZoomInAction;6;4;2;0;13;4
net.sf.freecol.client.gui.action.MiniMapZoomOutAction;6;4;2;0;13;4
net.sf.freecol.client.gui.action.MoveAction;9;4;1;0;12;8
net.sf.freecol.client.gui.action.NewAction;7;3;1;0;6;2
net.sf.freecol.client.gui.action.NewEmptyMapAction;9;4;2;0;14;4
net.sf.freecol.client.gui.action.OpenAction;8;3;1;0;8;3
net.sf.freecol.client.gui.action.PreferencesAction;7;3;1;0;5;2
net.sf.freecol.client.gui.action.QuitAction;6;3;1;0;4;2
net.sf.freecol.client.gui.action.ReconnectAction;5;3;1;0;5;2
net.sf.freecol.client.gui.action.RenameAction;7;5;1;0;7;2
net.sf.freecol.client.gui.action.ReportCargoAction;5;3;1;0;5;2
net.sf.freecol.client.gui.action.ReportColonyAction;5;3;1;0;5;2
net.sf.freecol.client.gui.action.ReportContinentalCongressAction;5;3;1;0;5;2
net.sf.freecol.client.gui.action.ReportEducationAction;5;3;1;0;5;2
net.sf.freecol.client.gui.action.ReportExplorationAction;5;3;1;0;5;2
net.sf.freecol.client.gui.action.ReportForeignAction;5;3;1;0;5;2
net.sf.freecol.client.gui.action.ReportHighScoresAction;5;3;1;0;5;2
net.sf.freecol.client.gui.action.ReportHistoryAction;5;3;1;0;5;2
net.sf.freecol.client.gui.action.ReportIndianAction;5;3;1;0;5;2
net.sf.freecol.client.gui.action.ReportLabourAction;7;3;1;0;8;3
net.sf.freecol.client.gui.action.ReportMilitaryAction;5;3;1;0;5;2
net.sf.freecol.client.gui.action.ReportNavalAction;5;3;1;0;5;2
net.sf.freecol.client.gui.action.ReportProductionAction;5;3;1;0;5;2
net.sf.freecol.client.gui.action.ReportReligionAction;5;3;1;0;5;2
net.sf.freecol.client.gui.action.ReportRequirementsAction;5;3;1;0;5;2
net.sf.freecol.client.gui.action.ReportTradeAction;5;3;1;0;5;2
net.sf.freecol.client.gui.action.ReportTurnAction;5;3;1;0;5;2
net.sf.freecol.client.gui.action.RetireAction;6;3;1;0;8;3
net.sf.freecol.client.gui.action.SaveAction;8;3;1;0;12;6
net.sf.freecol.client.gui.action.SaveAndQuitAction;7;3;1;0;13;7
net.sf.freecol.client.gui.action.ScaleMapAction;7;3;2;0;15;5
net.sf.freecol.client.gui.action.SelectableAction;12;4;1;6;13;9
net.sf.freecol.client.gui.action.SentryAction;9;5;1;0;8;2
net.sf.freecol.client.gui.action.ShowDifficultyAction;5;3;1;0;5;2
net.sf.freecol.client.gui.action.ShowGameOptionsAction;5;3;1;0;5;2
net.sf.freecol.client.gui.action.ShowMainAction;6;3;1;0;6;2
net.sf.freecol.client.gui.action.ShowMapGeneratorOptionsAction;5;3;1;0;5;2
net.sf.freecol.client.gui.action.SkipUnitAction;9;5;1;0;10;5
net.sf.freecol.client.gui.action.StartMapAction;12;3;1;0;17;3
net.sf.freecol.client.gui.action.TilePopupAction;6;4;1;0;6;2
net.sf.freecol.client.gui.action.ToggleViewModeAction;7;4;1;0;9;5
net.sf.freecol.client.gui.action.TradeRouteAction;6;4;1;0;5;2
net.sf.freecol.client.gui.action.UnitAction;21;4;1;15;9;2
net.sf.freecol.client.gui.action.UnloadAction;10;4;1;0;15;7
net.sf.freecol.client.gui.action.WaitAction;6;5;1;0;6;2
net.sf.freecol.client.gui.action.ZoomInAction;8;4;2;0;11;4
net.sf.freecol.client.gui.action.ZoomOutAction;8;4;2;0;11;4
net.sf.freecol.client.gui.animation.Animation;7;1;4;2;5;4
net.sf.freecol.client.gui.animation.Animations;9;1;1;0;18;11
net.sf.freecol.client.gui.animation.Animations.Procedure;n/a;n/a;n/a;n/a;1;n/a
net.sf.freecol.client.gui.animation.UnitImageAnimation;14;2;1;0;28;18
net.sf.freecol.client.gui.animation.UnitMoveAnimation;8;2;1;0;16;7
net.sf.freecol.client.gui.dialog.CaptureGoodsDialog;14;7;1;0;51;19
net.sf.freecol.client.gui.dialog.CaptureGoodsDialog.CheckBoxRenderer;3;7;1;0;10;4
net.sf.freecol.client.gui.dialog.CaptureGoodsDialog.GoodsItem;7;7;1;0;12;5
net.sf.freecol.client.gui.dialog.ChooseFoundingFatherDialog;12;7;1;0;34;4
net.sf.freecol.client.gui.dialog.ClientOptionsDialog;8;8;0;0;13;2
net.sf.freecol.client.gui.dialog.ConfirmDeclarationDialog;20;7;4;0;95;16
net.sf.freecol.client.gui.dialog.ConfirmDeclarationDialog.ColorButton;2;6;2;0;6;5
net.sf.freecol.client.gui.dialog.ConfirmDeclarationDialog.EnumRenderer;3;2;1;0;4;2
net.sf.freecol.client.gui.dialog.DifficultyDialog;11;8;6;0;36;12
net.sf.freecol.client.gui.dialog.DumpCargoDialog;12;7;1;0;33;7
net.sf.freecol.client.gui.dialog.EditOptionDialog;7;8;1;0;12;3
net.sf.freecol.client.gui.dialog.EditSettlementDialog;30;7;1;0;95;27
net.sf.freecol.client.gui.dialog.EmigrationDialog;13;8;0;0;25;3
net.sf.freecol.client.gui.dialog.EndTurnDialog;15;8;1;0;44;10
net.sf.freecol.client.gui.dialog.EndTurnDialog.UnitCellRenderer;6;1;1;0;25;7
net.sf.freecol.client.gui.dialog.EndTurnDialog.UnitWrapper;6;1;0;0;7;2
net.sf.freecol.client.gui.dialog.FirstContactDialog;13;8;0;0;35;6
net.sf.freecol.client.gui.dialog.Flag;7;1;1;0;92;160
net.sf.freecol.client.gui.dialog.Flag.Alignment;3;n/a;2;n/a;2;0
net.sf.freecol.client.gui.dialog.Flag.Background;4;n/a;2;n/a;3;1
net.sf.freecol.client.gui.dialog.Flag.Decoration;5;n/a;4;n/a;9;5
net.sf.freecol.client.gui.dialog.Flag.UnionPosition;5;n/a;2;n/a;3;1
net.sf.freecol.client.gui.dialog.Flag.UnionShape;4;n/a;2;n/a;2;0
net.sf.freecol.client.gui.dialog.FreeColChoiceDialog;10;7;1;2;11;4
net.sf.freecol.client.gui.dialog.FreeColConfirmDialog;15;7;1;7;13;3
net.sf.freecol.client.gui.dialog.FreeColDialog;43;6;2;15;98;59
net.sf.freecol.client.gui.dialog.FreeColDialog.DialogType;16;n/a;2;n/a;2;0
net.sf.freecol.client.gui.dialog.FreeColInputDialog;11;7;2;4;20;7
net.sf.freecol.client.gui.dialog.FreeColStringInputDialog;5;8;1;0;13;4
net.sf.freecol.client.gui.dialog.GameOptionsDialog;10;8;0;0;17;4
net.sf.freecol.client.gui.dialog.LoadDialog;7;7;1;0;23;6
net.sf.freecol.client.gui.dialog.LoadingSavegameDialog;7;8;1;0;46;12
net.sf.freecol.client.gui.dialog.MapGeneratorOptionsDialog;17;8;2;0;51;11
net.sf.freecol.client.gui.dialog.MapSizeDialog;5;8;1;0;18;4
net.sf.freecol.client.gui.dialog.MonarchDialog;12;7;0;0;33;8
net.sf.freecol.client.gui.dialog.NativeDemandDialog;14;8;0;0;20;3
net.sf.freecol.client.gui.dialog.NegotiationDialog;48;7;3;0;129;71
net.sf.freecol.client.gui.dialog.NegotiationDialog.ColonyTradeItemPanel;8;6;1;0;38;13
net.sf.freecol.client.gui.dialog.NegotiationDialog.GoldTradeItemPanel;8;6;1;0;32;8
net.sf.freecol.client.gui.dialog.NegotiationDialog.GoodsTradeItemPanel;10;6;1;0;41;14
net.sf.freecol.client.gui.dialog.NegotiationDialog.GoodsTradeItemPanel.GoodsBoxRenderer;4;5;1;0;4;2
net.sf.freecol.client.gui.dialog.NegotiationDialog.InciteTradeItemPanel;12;6;1;0;41;11
net.sf.freecol.client.gui.dialog.NegotiationDialog.InciteTradeItemPanel.InciteBoxRenderer;3;5;1;0;4;2
net.sf.freecol.client.gui.dialog.NegotiationDialog.RemoveAction;3;2;1;0;4;2
net.sf.freecol.client.gui.dialog.NegotiationDialog.StanceTradeItemPanel;9;6;1;0;30;14
net.sf.freecol.client.gui.dialog.NegotiationDialog.StanceTradeItemPanel.StanceBoxRenderer;3;5;1;0;3;2
net.sf.freecol.client.gui.dialog.NegotiationDialog.UnitTradeItemPanel;9;6;1;0;38;12
net.sf.freecol.client.gui.dialog.NegotiationDialog.UnitTradeItemPanel.UnitBoxRenderer;2;5;1;0;3;2
net.sf.freecol.client.gui.dialog.OptionsDialog;19;7;1;4;60;29
net.sf.freecol.client.gui.dialog.Parameters;5;1;0;0;1;1
net.sf.freecol.client.gui.dialog.ParametersDialog;8;7;1;0;35;7
net.sf.freecol.client.gui.dialog.PreCombatDialog;21;8;1;0;37;14
net.sf.freecol.client.gui.dialog.RiverStyleDialog;7;8;0;0;15;2
net.sf.freecol.client.gui.dialog.SaveDialog;6;7;1;0;21;7
net.sf.freecol.client.gui.dialog.ScaleMapSizeDialog;10;7;1;0;39;7
net.sf.freecol.client.gui.dialog.SelectAmountDialog;10;8;2;0;35;17
net.sf.freecol.client.gui.dialog.SelectDestinationDialog;30;7;1;0;130;31
net.sf.freecol.client.gui.dialog.SelectDestinationDialog.Destination;21;1;5;0;36;37
net.sf.freecol.client.gui.dialog.SelectDestinationDialog.LocationRenderer;5;2;1;0;8;2
net.sf.freecol.client.gui.dialog.SelectTributeAmountDialog;6;8;1;0;18;4
net.sf.freecol.client.gui.dialog.VictoryDialog;8;8;0;0;13;1
net.sf.freecol.client.gui.dialog.WarehouseDialog;16;7;2;0;39;9
net.sf.freecol.client.gui.dialog.WarehouseDialog.WarehouseGoodsPanel;19;6;1;0;47;8
net.sf.freecol.client.gui.images.BaseTileTransitionImageCreator;9;1;1;0;37;26
net.sf.freecol.client.gui.images.BeachTileAnimationImageCreator;8;1;1;0;36;9
net.sf.freecol.client.gui.images.DeltaAnimationImageCreator;7;1;1;0;25;9
net.sf.freecol.client.gui.images.ImageCreators;6;1;4;0;9;5
net.sf.freecol.client.gui.images.RiverAnimationImageCreator;9;1;2;0;54;20
net.sf.freecol.client.gui.label.AbstractGoodsLabel;15;6;6;3;28;20
net.sf.freecol.client.gui.label.CargoLabel;n/a;n/a;n/a;n/a;3;n/a
net.sf.freecol.client.gui.label.Draggable;n/a;n/a;n/a;n/a;1;n/a
net.sf.freecol.client.gui.label.FreeColLabel;3;5;0;3;3;2
net.sf.freecol.client.gui.label.GoodsLabel;31;7;1;0;35;11
net.sf.freecol.client.gui.label.GoodsTypeLabel;13;6;2;0;17;9
net.sf.freecol.client.gui.label.MarketLabel;21;7;5;0;37;15
net.sf.freecol.client.gui.label.ProductionLabel;18;7;1;0;50;25
net.sf.freecol.client.gui.label.UnitLabel;49;6;1;0;103;53
net.sf.freecol.client.gui.label.UnitLabel.UnitAction;2;n/a;2;n/a;2;0
net.sf.freecol.client.gui.mapviewer.CanvasMapViewer;7;4;1;0;42;14
net.sf.freecol.client.gui.mapviewer.ChatDisplay;7;1;1;0;23;10
net.sf.freecol.client.gui.mapviewer.GUIMessage;3;1;3;0;8;4
net.sf.freecol.client.gui.mapviewer.MapAsyncPainter;9;1;1;0;35;32
net.sf.freecol.client.gui.mapviewer.MapAsyncPainter.MapRendererThread;6;2;1;0;20;15
net.sf.freecol.client.gui.mapviewer.MapViewer;62;2;1;0;297;170
net.sf.freecol.client.gui.mapviewer.MapViewer.BorderType;1;n/a;2;n/a;2;0
net.sf.freecol.client.gui.mapviewer.MapViewer.TextSpecification;1;1;0;0;1;1
net.sf.freecol.client.gui.mapviewer.MapViewer.TileClippingBounds;6;1;6;0;16;7
net.sf.freecol.client.gui.mapviewer.MapViewer.TileRenderingCallback;n/a;n/a;n/a;n/a;1;n/a
net.sf.freecol.client.gui.mapviewer.MapViewerBounds;12;1;1;0;45;68
net.sf.freecol.client.gui.mapviewer.MapViewerRepaintManager;5;1;1;0;52;29
net.sf.freecol.client.gui.mapviewer.MapViewerScaledUtils;5;1;1;0;29;14
net.sf.freecol.client.gui.mapviewer.MapViewerState;13;1;3;0;36;34
net.sf.freecol.client.gui.mapviewer.RoadPainter;7;1;1;0;37;10
net.sf.freecol.client.gui.mapviewer.TerrainCursor;2;1;1;0;17;12
net.sf.freecol.client.gui.mapviewer.TileBounds;7;1;3;0;9;7
net.sf.freecol.client.gui.mapviewer.TileViewer;32;2;1;0;145;112
net.sf.freecol.client.gui.mapviewer.UnitAnimator;10;1;1;0;33;10
net.sf.freecol.client.gui.menu.DebugMenu;19;7;1;0;81;10
net.sf.freecol.client.gui.menu.FreeColMenuBar;15;5;4;2;45;16
net.sf.freecol.client.gui.menu.FreeColMenuTest;5;1;2;0;43;10
net.sf.freecol.client.gui.menu.InGameMenuBar;81;6;1;0;57;14
net.sf.freecol.client.gui.menu.MapEditorMenuBar;24;6;1;0;25;7
net.sf.freecol.client.gui.menu.MenuMouseMotionListener;2;1;2;0;6;4
net.sf.freecol.client.gui.option.AbstractUnitOptionUI;21;2;3;0;52;9
net.sf.freecol.client.gui.option.AbstractUnitOptionUI.AbstractUnitRenderer;5;2;1;0;5;1
net.sf.freecol.client.gui.option.AbstractUnitOptionUI.RoleRenderer;3;2;1;0;3;2
net.sf.freecol.client.gui.option.AudioMixerOptionUI;6;2;4;0;35;10
net.sf.freecol.client.gui.option.BooleanOptionUI;5;2;1;0;18;8
net.sf.freecol.client.gui.option.FileOptionUI;7;2;2;0;30;14
net.sf.freecol.client.gui.option.FreeColActionUI;7;2;4;0;42;15
net.sf.freecol.client.gui.option.FreeColActionUI.BlinkingLabel;4;5;8;0;37;18
net.sf.freecol.client.gui.option.IntegerOptionUI;3;2;1;0;19;6
net.sf.freecol.client.gui.option.LanguageOptionUI;4;2;1;0;18;4
net.sf.freecol.client.gui.option.ListOptionUI;8;2;5;0;64;28
net.sf.freecol.client.gui.option.ModOptionUI;8;2;3;0;34;10
net.sf.freecol.client.gui.option.ModOptionUI.BoxRenderer;4;2;1;0;3;3
net.sf.freecol.client.gui.option.ModOptionUI.ModOptionRenderer;5;2;1;0;6;3
net.sf.freecol.client.gui.option.OptionGroupUI;16;6;1;0;65;30
net.sf.freecol.client.gui.option.OptionGroupUI.OptionTree;4;5;1;0;9;2
net.sf.freecol.client.gui.option.OptionUI;41;1;6;14;42;28
net.sf.freecol.client.gui.option.OptionUpdater;n/a;n/a;n/a;n/a;2;n/a
net.sf.freecol.client.gui.option.PercentageOptionUI;4;3;1;0;21;3
net.sf.freecol.client.gui.option.RangeOptionUI;5;3;2;0;23;5
net.sf.freecol.client.gui.option.SelectOptionUI;4;2;1;0;19;6
net.sf.freecol.client.gui.option.SliderOptionUI;5;2;2;2;23;5
net.sf.freecol.client.gui.option.StringOptionUI;4;2;1;0;19;4
net.sf.freecol.client.gui.option.TextOptionUI;2;2;1;0;12;4
net.sf.freecol.client.gui.option.UnitTypeOptionUI;5;2;1;0;18;4
net.sf.freecol.client.gui.option.UnitTypeOptionUI.ChoiceRenderer;4;2;1;0;4;2
net.sf.freecol.client.gui.panel.AboutPanel;8;7;1;0;25;4
net.sf.freecol.client.gui.panel.BuildQueuePanel;36;7;1;0;150;76
net.sf.freecol.client.gui.panel.BuildQueuePanel.BuildQueueMouseAdapter;5;2;1;0;21;11
net.sf.freecol.client.gui.panel.BuildQueuePanel.BuildQueueTransferHandler;8;2;2;0;34;27
net.sf.freecol.client.gui.panel.BuildQueuePanel.BuildQueueTransferHandler.BuildablesTransferable;5;1;1;0;9;6
net.sf.freecol.client.gui.panel.BuildQueuePanel.DefaultBuildQueueCellRenderer;8;1;1;0;27;6
net.sf.freecol.client.gui.panel.BuildQueuePanel.IndexedBuildable;3;1;2;0;3;3
net.sf.freecol.client.gui.panel.BuildingPanel;28;6;1;1;64;24
net.sf.freecol.client.gui.panel.BuildingPanel.UpkeepLabel;2;5;1;0;17;2
net.sf.freecol.client.gui.panel.CargoPanel;24;7;2;1;58;29
net.sf.freecol.client.gui.panel.ChatPanel;6;7;1;0;32;8
net.sf.freecol.client.gui.panel.ColonyPanel;55;8;2;0;244;107
net.sf.freecol.client.gui.panel.ColonyPanel.BuildingsPanel;8;6;2;0;21;12
net.sf.freecol.client.gui.panel.ColonyPanel.BuildingsPanel.ASingleBuildingPanel;13;7;6;0;34;18
net.sf.freecol.client.gui.panel.ColonyPanel.ColonyCargoPanel;3;8;1;0;6;2
net.sf.freecol.client.gui.panel.ColonyPanel.ColonyInPortPanel;11;8;3;0;21;9
net.sf.freecol.client.gui.panel.ColonyPanel.OutsideColonyPanel;16;7;8;0;39;19
net.sf.freecol.client.gui.panel.ColonyPanel.PopulationPanel;12;6;3;0;45;10
net.sf.freecol.client.gui.panel.ColonyPanel.TilesPanel;13;5;2;0;33;18
net.sf.freecol.client.gui.panel.ColonyPanel.TilesPanel.ASingleTilePanel;31;5;3;0;83;35
net.sf.freecol.client.gui.panel.ColonyPanel.WarehousePanel;20;6;6;0;49;23
net.sf.freecol.client.gui.panel.ColorCellEditor;5;2;1;0;17;10
net.sf.freecol.client.gui.panel.ColorCellRenderer;3;5;1;0;12;4
net.sf.freecol.client.gui.panel.ColorChooserPanel;5;7;2;0;19;4
net.sf.freecol.client.gui.panel.ConstructionPanel;20;6;1;0;50;17
net.sf.freecol.client.gui.panel.CornerMapControls;16;3;1;0;61;28
net.sf.freecol.client.gui.panel.CornerMapControls.MiniMapPanelSkin;1;5;1;0;5;3
net.sf.freecol.client.gui.panel.DeclarationPanel;7;7;2;0;40;8
net.sf.freecol.client.gui.panel.DeclarationPanel.SignaturePanel;8;5;1;0;42;24
net.sf.freecol.client.gui.panel.DefaultTransferHandler;32;2;3;0;77;62
net.sf.freecol.client.gui.panel.DefaultTransferHandler.FreeColDragGestureRecognizer;1;2;3;0;11;4
net.sf.freecol.client.gui.panel.DefaultTransferHandler.FreeColDragHandler;3;1;5;0;32;15
net.sf.freecol.client.gui.panel.DragListener;17;2;1;0;46;19
net.sf.freecol.client.gui.panel.DropListener;3;2;1;0;10;3
net.sf.freecol.client.gui.panel.DropTarget;n/a;n/a;n/a;n/a;5;n/a
net.sf.freecol.client.gui.panel.ErrorPanel;8;7;1;0;31;6
net.sf.freecol.client.gui.panel.EuropePanel;33;8;3;0;103;22
net.sf.freecol.client.gui.panel.EuropePanel.DestinationPanel;23;5;6;0;51;25
net.sf.freecol.client.gui.panel.EuropePanel.EuropeAction;1;n/a;2;n/a;2;0
net.sf.freecol.client.gui.panel.EuropePanel.EuropeButton;2;7;0;0;9;1
net.sf.freecol.client.gui.panel.EuropePanel.EuropeInPortPanel;5;8;2;0;10;6
net.sf.freecol.client.gui.panel.EuropePanel.EuropeanDocksPanel;8;7;8;0;17;10
net.sf.freecol.client.gui.panel.EuropePanel.MarketPanel;19;5;7;0;35;17
net.sf.freecol.client.gui.panel.EuropePanel.TransactionLog;8;7;3;0;20;7
net.sf.freecol.client.gui.panel.EventPanel;6;7;0;0;18;4
net.sf.freecol.client.gui.panel.FindSettlementPanel;13;7;1;0;64;26
net.sf.freecol.client.gui.panel.FindSettlementPanel.DisplayListOption;1;n/a;2;n/a;2;0
net.sf.freecol.client.gui.panel.FindSettlementPanel.SettlementRenderer;7;2;1;0;15;3
net.sf.freecol.client.gui.panel.FreeColButton;11;6;1;2;14;8
net.sf.freecol.client.gui.panel.FreeColButton.ButtonStyle;9;n/a;2;n/a;2;0
net.sf.freecol.client.gui.panel.FreeColImageBorder;12;2;1;0;29;31
net.sf.freecol.client.gui.panel.FreeColPanel;113;6;6;32;58;29
net.sf.freecol.client.gui.panel.FreeColProgressBar;13;5;1;0;48;20
net.sf.freecol.client.gui.panel.GoodsTypePanel;9;6;3;2;20;15
net.sf.freecol.client.gui.panel.ImageSelection;1;1;1;0;5;5
net.sf.freecol.client.gui.panel.InPortPanel;7;7;1;2;10;8
net.sf.freecol.client.gui.panel.IndianSettlementPanel;16;7;0;0;50;14
net.sf.freecol.client.gui.panel.InfoPanel;32;7;1;0;117;71
net.sf.freecol.client.gui.panel.InfoPanel.InfoPanelMode;1;n/a;2;n/a;2;0
net.sf.freecol.client.gui.panel.InformationPanel;14;7;2;0;44;12
net.sf.freecol.client.gui.panel.MainPanel;18;7;2;0;29;5
net.sf.freecol.client.gui.panel.MapControls;13;2;3;1;44;22
net.sf.freecol.client.gui.panel.MapEditorTransformPanel;27;7;2;0;66;12
net.sf.freecol.client.gui.panel.MapEditorTransformPanel.LostCityRumourTransform;5;2;1;0;7;3
net.sf.freecol.client.gui.panel.MapEditorTransformPanel.ResourceTransform;9;2;1;0;13;7
net.sf.freecol.client.gui.panel.MapEditorTransformPanel.RiverStyleTransform;4;2;1;0;7;6
net.sf.freecol.client.gui.panel.MapEditorTransformPanel.RiverTransform;8;2;1;0;16;7
net.sf.freecol.client.gui.panel.MapEditorTransformPanel.SettlementTransform;14;2;1;0;18;3
net.sf.freecol.client.gui.panel.MapEditorTransformPanel.TileTypeTransform;5;2;1;0;5;3
net.sf.freecol.client.gui.panel.MigPanel;57;5;2;17;9;6
net.sf.freecol.client.gui.panel.MiniMap;18;5;6;0;108;42
net.sf.freecol.client.gui.panel.MiniMap.MinimapPainterThread;1;2;1;0;3;3
net.sf.freecol.client.gui.panel.MiniMap.PrerenderedMinimap;1;1;0;0;1;1
net.sf.freecol.client.gui.panel.MiniMap.TileRenderingCallback;n/a;n/a;n/a;n/a;1;n/a
net.sf.freecol.client.gui.panel.NewPanel;21;7;1;0;109;57
net.sf.freecol.client.gui.panel.NewPanel.NewPanelAction;1;n/a;2;n/a;2;0
net.sf.freecol.client.gui.panel.NewUnitPanel;17;7;1;2;54;10
net.sf.freecol.client.gui.panel.PlayersTable;24;5;1;0;45;6
net.sf.freecol.client.gui.panel.PlayersTable.AdvantageCellEditor;3;3;1;0;10;3
net.sf.freecol.client.gui.panel.PlayersTable.AdvantageCellRenderer;8;5;1;0;15;7
net.sf.freecol.client.gui.panel.PlayersTable.AvailableCellEditor;6;2;1;0;12;6
net.sf.freecol.client.gui.panel.PlayersTable.AvailableCellRenderer;5;5;1;0;9;3
net.sf.freecol.client.gui.panel.PlayersTable.HeaderListener;2;2;1;0;7;3
net.sf.freecol.client.gui.panel.PlayersTable.HeaderRenderer;2;1;1;0;6;4
net.sf.freecol.client.gui.panel.PlayersTable.NationCellRenderer;7;5;1;0;11;1
net.sf.freecol.client.gui.panel.PlayersTable.NationStateRenderer;4;5;1;0;3;1
net.sf.freecol.client.gui.panel.PlayersTable.PlayerCellEditor;2;2;2;0;6;3
net.sf.freecol.client.gui.panel.PlayersTable.PlayerCellRenderer;7;1;1;0;10;5
net.sf.freecol.client.gui.panel.PlayersTable.PlayersTableModel;13;2;1;0;34;36
net.sf.freecol.client.gui.panel.PortPanel;17;7;2;2;15;13
net.sf.freecol.client.gui.panel.PurchasePanel;7;8;0;0;8;1
net.sf.freecol.client.gui.panel.QuickActionMenu;55;5;1;0;207;130
net.sf.freecol.client.gui.panel.RecruitPanel;14;7;1;0;53;14
net.sf.freecol.client.gui.panel.ServerListPanel;11;7;1;0;54;9
net.sf.freecol.client.gui.panel.ServerListPanel.ServerListTableCellRenderer;1;6;1;0;3;1
net.sf.freecol.client.gui.panel.ServerListTableModel;4;2;1;0;17;14
net.sf.freecol.client.gui.panel.StartGamePanel;27;7;1;0;95;29
net.sf.freecol.client.gui.panel.StatisticsPanel;7;7;1;0;47;8
net.sf.freecol.client.gui.panel.StatisticsPanel.StatisticsModel;4;2;2;0;12;11
net.sf.freecol.client.gui.panel.StatusPanel;3;7;1;0;12;2
net.sf.freecol.client.gui.panel.TilePanel;25;7;1;0;73;23
net.sf.freecol.client.gui.panel.TradeRouteInputPanel;31;7;1;0;114;44
net.sf.freecol.client.gui.panel.TradeRouteInputPanel.AllGoodsTypesPanel;5;7;3;0;15;7
net.sf.freecol.client.gui.panel.TradeRouteInputPanel.DestinationCellRenderer;6;5;1;0;14;5
net.sf.freecol.client.gui.panel.TradeRouteInputPanel.StopGoodsTypesPanel;3;7;1;0;11;3
net.sf.freecol.client.gui.panel.TradeRouteInputPanel.StopListHandler;5;2;4;0;32;11
net.sf.freecol.client.gui.panel.TradeRouteInputPanel.StopListTransferable;3;1;1;0;5;6
net.sf.freecol.client.gui.panel.TradeRouteInputPanel.StopRenderer;11;1;1;0;30;8
net.sf.freecol.client.gui.panel.TradeRoutePanel;14;7;1;0;79;31
net.sf.freecol.client.gui.panel.TrainPanel;7;8;0;0;8;1
net.sf.freecol.client.gui.panel.UnitButton;7;7;3;0;27;6
net.sf.freecol.client.gui.panel.UnitButton.UnitButtonActionPropertyChangeListener;2;1;1;0;17;12
net.sf.freecol.client.gui.panel.UnitPanel;24;6;1;3;59;23
net.sf.freecol.client.gui.panel.Utility;141;1;20;0;159;74
net.sf.freecol.client.gui.panel.WorkProductionPanel;24;7;1;0;45;10
net.sf.freecol.client.gui.panel.WrapLayout;1;2;1;0;25;16
net.sf.freecol.client.gui.panel.colopedia.BuildingDetailPanel;22;8;2;0;89;29
net.sf.freecol.client.gui.panel.colopedia.ColopediaDetailPanel;n/a;n/a;n/a;n/a;2;n/a
net.sf.freecol.client.gui.panel.colopedia.ColopediaGameObjectTypePanel;30;7;2;8;67;26
net.sf.freecol.client.gui.panel.colopedia.ColopediaPanel;24;7;2;0;94;23
net.sf.freecol.client.gui.panel.colopedia.ColopediaTreeCellRenderer;4;6;1;0;12;4
net.sf.freecol.client.gui.panel.colopedia.ColopediaTreeItem;9;1;4;0;6;6
net.sf.freecol.client.gui.panel.colopedia.ConceptDetailPanel;12;7;1;0;32;7
net.sf.freecol.client.gui.panel.colopedia.ConceptDetailPanel.ConceptEditorPane;1;6;1;0;8;2
net.sf.freecol.client.gui.panel.colopedia.FatherDetailPanel;19;8;2;0;60;10
net.sf.freecol.client.gui.panel.colopedia.GoodsDetailPanel;20;8;2;0;54;29
net.sf.freecol.client.gui.panel.colopedia.NationDetailPanel;13;8;2;0;32;5
net.sf.freecol.client.gui.panel.colopedia.NationTypeDetailPanel;25;8;2;0;70;18
net.sf.freecol.client.gui.panel.colopedia.ResourcesDetailPanel;16;8;2;0;36;7
net.sf.freecol.client.gui.panel.colopedia.TerrainDetailPanel;18;8;2;0;48;14
net.sf.freecol.client.gui.panel.colopedia.UnitDetailPanel;23;8;2;0;75;22
net.sf.freecol.client.gui.panel.report.CompactLabourReport;23;8;1;0;132;78
net.sf.freecol.client.gui.panel.report.LabourData;23;1;1;0;56;44
net.sf.freecol.client.gui.panel.report.LabourData.ColonyLocationDataGetter;5;1;1;0;3;2
net.sf.freecol.client.gui.panel.report.LabourData.LocationData;6;1;3;0;23;27
net.sf.freecol.client.gui.panel.report.LabourData.LocationData.Getter;n/a;n/a;n/a;n/a;1;n/a
net.sf.freecol.client.gui.panel.report.LabourData.ProductionData;3;1;1;0;4;4
net.sf.freecol.client.gui.panel.report.LabourData.UnitData;12;1;6;0;25;19
net.sf.freecol.client.gui.panel.report.ReportCargoPanel;11;9;3;0;14;4
net.sf.freecol.client.gui.panel.report.ReportClassicColonyPanel;25;8;1;0;58;13
net.sf.freecol.client.gui.panel.report.ReportCompactColonyPanel;40;8;1;0;151;121
net.sf.freecol.client.gui.panel.report.ReportCompactColonyPanel.ColonySummary;21;1;2;0;57;28
net.sf.freecol.client.gui.panel.report.ReportCompactColonyPanel.ColonySummary.GoodsProduction;3;1;1;0;2;5
net.sf.freecol.client.gui.panel.report.ReportCompactColonyPanel.ColonySummary.ProductionStatus;3;n/a;2;n/a;2;0
net.sf.freecol.client.gui.panel.report.ReportContinentalCongressPanel;22;8;0;0;54;9
net.sf.freecol.client.gui.panel.report.ReportEducationPanel;15;8;1;0;31;8
net.sf.freecol.client.gui.panel.report.ReportExplorationPanel;12;8;0;0;29;2
net.sf.freecol.client.gui.panel.report.ReportForeignAffairPanel;15;8;0;0;39;6
net.sf.freecol.client.gui.panel.report.ReportHighScoresPanel;9;8;0;0;33;7
net.sf.freecol.client.gui.panel.report.ReportHistoryPanel;8;8;0;0;13;3
net.sf.freecol.client.gui.panel.report.ReportIndianPanel;25;8;1;0;79;18
net.sf.freecol.client.gui.panel.report.ReportLabourDetailPanel;15;8;1;0;32;6
net.sf.freecol.client.gui.panel.report.ReportLabourPanel;15;8;1;0;47;17
net.sf.freecol.client.gui.panel.report.ReportLabourPanel.LabourUnitPanel;8;6;1;0;26;3
net.sf.freecol.client.gui.panel.report.ReportLabourPanel.LabourUnitPanelRenderer;2;1;1;0;1;1
net.sf.freecol.client.gui.panel.report.ReportMilitaryPanel;13;9;3;0;16;5
net.sf.freecol.client.gui.panel.report.ReportNavalPanel;11;9;3;0;13;4
net.sf.freecol.client.gui.panel.report.ReportPanel;34;7;6;18;58;14
net.sf.freecol.client.gui.panel.report.ReportProductionPanel;19;8;1;0;58;12
net.sf.freecol.client.gui.panel.report.ReportReligiousPanel;15;8;0;0;23;4
net.sf.freecol.client.gui.panel.report.ReportRequirementsPanel;26;8;1;0;90;46
net.sf.freecol.client.gui.panel.report.ReportTradePanel;24;8;2;0;69;20
net.sf.freecol.client.gui.panel.report.ReportTurnPanel;32;8;1;0;89;42
net.sf.freecol.client.gui.panel.report.ReportUnitPanel;26;8;2;3;78;24
net.sf.freecol.client.gui.plaf.FreeColBrightPanelUI;2;4;2;0;5;3
net.sf.freecol.client.gui.plaf.FreeColButtonUI;8;5;2;0;36;16
net.sf.freecol.client.gui.plaf.FreeColCheckBoxMenuItemUI;2;6;3;0;7;3
net.sf.freecol.client.gui.plaf.FreeColCheckBoxUI;3;8;4;0;8;4
net.sf.freecol.client.gui.plaf.FreeColCheckBoxUI.CheckBoxIcon;6;1;1;0;29;10
net.sf.freecol.client.gui.plaf.FreeColComboBoxRenderer;25;1;1;8;24;21
net.sf.freecol.client.gui.plaf.FreeColComboBoxRenderer.NormalComponent;1;5;0;0;2;1
net.sf.freecol.client.gui.plaf.FreeColComboBoxRenderer.SelectedComponent;1;5;1;0;12;2
net.sf.freecol.client.gui.plaf.FreeColComboBoxUI;2;5;3;0;6;3
net.sf.freecol.client.gui.plaf.FreeColFileChooserUI;2;5;2;0;9;4
net.sf.freecol.client.gui.plaf.FreeColFormattedTextFieldUI;2;6;2;0;4;3
net.sf.freecol.client.gui.plaf.FreeColLabelUI;2;5;3;0;7;3
net.sf.freecol.client.gui.plaf.FreeColListUI;4;4;3;0;8;3
net.sf.freecol.client.gui.plaf.FreeColLookAndFeel;28;4;5;0;27;11
net.sf.freecol.client.gui.plaf.FreeColLookAndFeel.FreeColMetalTheme;2;3;1;0;10;8
net.sf.freecol.client.gui.plaf.FreeColMenuBarUI;3;4;2;0;5;3
net.sf.freecol.client.gui.plaf.FreeColMenuItemUI;2;5;3;0;7;3
net.sf.freecol.client.gui.plaf.FreeColMenuUI;6;6;3;0;22;12
net.sf.freecol.client.gui.plaf.FreeColOptionPaneUI;8;4;3;0;55;42
net.sf.freecol.client.gui.plaf.FreeColPanelUI;3;4;2;0;7;4
net.sf.freecol.client.gui.plaf.FreeColPopupMenuUI;3;4;2;0;5;3
net.sf.freecol.client.gui.plaf.FreeColRadioButtonMenuItemUI;2;6;3;0;7;3
net.sf.freecol.client.gui.plaf.FreeColRadioButtonUI;3;6;4;0;8;4
net.sf.freecol.client.gui.plaf.FreeColRadioButtonUI.RadioButtonIcon;3;1;1;0;24;11
net.sf.freecol.client.gui.plaf.FreeColScrollPaneUI;2;4;3;0;7;3
net.sf.freecol.client.gui.plaf.FreeColSelectedPanelUI;3;4;2;0;10;2
net.sf.freecol.client.gui.plaf.FreeColSpinnerUI;1;4;2;0;7;3
net.sf.freecol.client.gui.plaf.FreeColTableHeaderUI;2;4;3;0;8;3
net.sf.freecol.client.gui.plaf.FreeColTableUI;2;4;3;0;7;3
net.sf.freecol.client.gui.plaf.FreeColTextAreaUI;4;5;3;0;10;5
net.sf.freecol.client.gui.plaf.FreeColTextFieldUI;5;5;3;1;17;5
net.sf.freecol.client.gui.plaf.FreeColToolTipUI;4;4;2;0;33;16
net.sf.freecol.client.gui.plaf.FreeColTransparentPanelUI;1;4;2;0;11;3
net.sf.freecol.client.gui.plaf.LAFUtilities;14;1;1;0;5;4
net.sf.freecol.client.gui.tooltip.BuildingToolTip;27;5;1;0;62;27
net.sf.freecol.client.gui.tooltip.RebelToolTip;23;5;1;0;43;11
net.sf.freecol.client.gui.video.VideoComponent;3;5;3;0;33;10
net.sf.freecol.client.gui.video.VideoListener;n/a;n/a;n/a;n/a;1;n/a
net.sf.freecol.client.networking.UserServerAPI;7;2;1;0;21;18
net.sf.freecol.common.AllTests;6;1;1;0;8;1
net.sf.freecol.common.FreeColException;44;3;1;0;8;5
net.sf.freecol.common.FreeColSeed;2;1;1;0;7;4
net.sf.freecol.common.ObjectWithId;n/a;n/a;n/a;n/a;1;n/a
net.sf.freecol.common.debug.DebugUtils;72;1;27;0;260;124
net.sf.freecol.common.debug.FreeColDebugger;40;1;11;0;71;52
net.sf.freecol.common.debug.FreeColDebugger.DebugMode;26;n/a;2;n/a;2;0
net.sf.freecol.common.i18n.AllTests;3;1;1;0;3;1
net.sf.freecol.common.i18n.CLDRTest;10;4;2;0;18;2
net.sf.freecol.common.i18n.DefaultNumberRule;6;2;1;0;13;5
net.sf.freecol.common.i18n.DualNumberRule;4;2;1;0;1;3
net.sf.freecol.common.i18n.Merge;2;1;0;0;1;1
net.sf.freecol.common.i18n.MergeTableCellRenderer;2;6;1;0;10;5
net.sf.freecol.common.i18n.MergeTableModel;4;2;2;0;17;15
net.sf.freecol.common.i18n.MessageMerge;4;1;1;0;44;16
net.sf.freecol.common.i18n.Messages;206;1;2;0;120;129
net.sf.freecol.common.i18n.MessagesTest;25;4;11;0;72;18
net.sf.freecol.common.i18n.NameCache;19;1;3;0;80;71
net.sf.freecol.common.i18n.Number;9;1;1;5;8;2
net.sf.freecol.common.i18n.Number.Category;8;n/a;2;n/a;2;0
net.sf.freecol.common.i18n.NumberRules;12;1;1;0;26;27
net.sf.freecol.common.i18n.OtherNumberRule;4;2;1;0;1;1
net.sf.freecol.common.i18n.PluralNumberRule;4;2;1;0;1;2
net.sf.freecol.common.i18n.Relation;1;1;1;0;22;27
net.sf.freecol.common.i18n.Rule;6;1;1;0;27;12
net.sf.freecol.common.i18n.Selector;n/a;n/a;n/a;n/a;1;n/a
net.sf.freecol.common.i18n.ZeroOneNumberRule;4;2;1;0;1;2
net.sf.freecol.common.io.AllTests;2;1;1;0;3;1
net.sf.freecol.common.io.FreeColDataFile;18;1;2;2;105;44
net.sf.freecol.common.io.FreeColDirectories;36;1;2;0;159;163
net.sf.freecol.common.io.FreeColModFile;25;2;2;1;29;15
net.sf.freecol.common.io.FreeColRules;11;1;1;0;15;6
net.sf.freecol.common.io.FreeColSavegameFile;16;2;4;0;21;9
net.sf.freecol.common.io.FreeColTcFile;6;3;1;0;13;4
net.sf.freecol.common.io.FreeColXMLReader;258;2;4;0;119;121
net.sf.freecol.common.io.FreeColXMLReader.ReadScope;17;n/a;2;n/a;2;0
net.sf.freecol.common.io.FreeColXMLWriter;147;1;3;0;119;62
net.sf.freecol.common.io.FreeColXMLWriter.WriteScope;16;1;2;0;11;11
net.sf.freecol.common.io.FreeColXMLWriter.WriteScopeType;1;n/a;2;n/a;2;0
net.sf.freecol.common.io.ModTest;4;4;2;0;12;4
net.sf.freecol.common.io.sza.AnimationEvent;n/a;n/a;n/a;n/a;0;n/a
net.sf.freecol.common.io.sza.ImageAnimationEvent;n/a;n/a;n/a;n/a;2;n/a
net.sf.freecol.common.io.sza.SimpleZippedAnimation;8;1;2;0;43;18
net.sf.freecol.common.io.sza.SimpleZippedAnimation.ImageAnimationEventImpl;4;1;1;0;14;6
net.sf.freecol.common.logging.DefaultHandler;5;2;1;0;29;10
net.sf.freecol.common.logging.TextFormatter;1;2;1;0;23;3
net.sf.freecol.common.metaserver.MetaServerUtils;14;1;1;0;52;28
net.sf.freecol.common.metaserver.MetaServerUtils.MetaInputHandler;8;1;2;0;11;7
net.sf.freecol.common.metaserver.MetaServerUtils.MetaMessageType;1;n/a;2;n/a;2;0
net.sf.freecol.common.metaserver.ServerInfo;17;1;1;0;19;18
net.sf.freecol.common.model.Ability;104;4;2;0;35;21
net.sf.freecol.common.model.AbstractGoods;125;2;4;1;45;30
net.sf.freecol.common.model.AbstractUnit;46;2;3;0;64;34
net.sf.freecol.common.model.AllTests;39;1;1;0;3;1
net.sf.freecol.common.model.BaseCostDeciderTest;23;4;1;0;51;10
net.sf.freecol.common.model.BaseProduction;n/a;n/a;n/a;n/a;5;n/a
net.sf.freecol.common.model.BuildQueue;18;1;4;0;46;26
net.sf.freecol.common.model.BuildQueue.CompletionAction;3;n/a;2;n/a;2;0
net.sf.freecol.common.model.BuildableType;72;4;5;3;88;55
net.sf.freecol.common.model.Building;77;5;10;1;128;61
net.sf.freecol.common.model.BuildingTest;38;4;6;0;151;51
net.sf.freecol.common.model.BuildingType;65;5;4;0;118;84
net.sf.freecol.common.model.ClassicTileProductionTest;21;4;1;0;92;37
net.sf.freecol.common.model.ClassicTileProductionTest.ProductionTestCombination;6;1;0;0;1;1
net.sf.freecol.common.model.ClassicTileProductionTest.TileImprovementTypeWithMagnitude;3;1;2;0;3;3
net.sf.freecol.common.model.Colony;210;6;18;1;493;396
net.sf.freecol.common.model.Colony.ColonyChangeEvent;4;n/a;2;n/a;2;0
net.sf.freecol.common.model.Colony.NoBuildReason;9;n/a;2;n/a;2;0
net.sf.freecol.common.model.Colony.TileImprovementSuggestion;7;1;2;0;6;3
net.sf.freecol.common.model.ColonyProductionTest;36;4;1;0;93;17
net.sf.freecol.common.model.ColonyTest;38;4;5;0;125;23
net.sf.freecol.common.model.ColonyTile;50;5;8;1;120;68
net.sf.freecol.common.model.ColonyTradeItem;18;4;3;0;46;23
net.sf.freecol.common.model.ColonyWas;8;2;1;0;14;6
net.sf.freecol.common.model.CombatModel;26;1;13;1;25;10
net.sf.freecol.common.model.CombatModel.CombatEffectType;9;n/a;2;n/a;2;0
net.sf.freecol.common.model.CombatModel.CombatOdds;6;1;0;0;1;1
net.sf.freecol.common.model.CombatModel.CombatResult;7;1;3;0;8;7
net.sf.freecol.common.model.CombatTest;42;4;1;0;120;37
net.sf.freecol.common.model.Constants;n/a;n/a;n/a;n/a;0;n/a
net.sf.freecol.common.model.Constants.ArmedUnitSettlementAction;2;n/a;2;n/a;2;0
net.sf.freecol.common.model.Constants.BoycottAction;2;n/a;2;n/a;2;0
net.sf.freecol.common.model.Constants.ClaimAction;2;n/a;2;n/a;2;0
net.sf.freecol.common.model.Constants.IndianDemandAction;10;n/a;2;n/a;2;0
net.sf.freecol.common.model.Constants.IntegrityType;27;n/a;3;n/a;8;5
net.sf.freecol.common.model.Constants.MissionaryAction;2;n/a;2;n/a;2;0
net.sf.freecol.common.model.Constants.ScoutColonyAction;2;n/a;2;n/a;2;0
net.sf.freecol.common.model.Constants.ScoutIndianSettlementAction;2;n/a;2;n/a;2;0
net.sf.freecol.common.model.Constants.TradeAction;2;n/a;2;n/a;2;0
net.sf.freecol.common.model.Constants.TradeBuyAction;2;n/a;2;n/a;2;0
net.sf.freecol.common.model.Constants.TradeSellAction;2;n/a;2;n/a;2;0
net.sf.freecol.common.model.Consumer;n/a;n/a;n/a;n/a;5;n/a
net.sf.freecol.common.model.DiplomaticTrade;44;3;3;0;97;53
net.sf.freecol.common.model.DiplomaticTrade.TradeContext;8;n/a;3;n/a;4;1
net.sf.freecol.common.model.DiplomaticTrade.TradeStatus;8;n/a;2;n/a;2;0
net.sf.freecol.common.model.Direction;85;n/a;6;n/a;24;24
net.sf.freecol.common.model.Disaster;19;4;2;0;52;26
net.sf.freecol.common.model.Disaster.Effects;2;n/a;2;n/a;2;0
net.sf.freecol.common.model.DisasterTest;7;4;1;0;13;5
net.sf.freecol.common.model.Effect;10;4;2;0;29;11
net.sf.freecol.common.model.Europe;85;4;14;1;135;78
net.sf.freecol.common.model.Europe.MigrationType;9;n/a;6;n/a;12;11
net.sf.freecol.common.model.EuropeTest;11;4;1;0;9;1
net.sf.freecol.common.model.EuropeWas;7;2;1;0;10;5
net.sf.freecol.common.model.EuropeanNationType;19;5;4;0;56;32
net.sf.freecol.common.model.Event;13;4;2;0;47;29
net.sf.freecol.common.model.ExportData;15;2;2;0;29;20
net.sf.freecol.common.model.Feature;36;3;2;2;67;58
net.sf.freecol.common.model.FeatureContainer;29;1;2;0;73;84
net.sf.freecol.common.model.Force;14;3;2;0;57;42
net.sf.freecol.common.model.FoundingFather;35;4;3;0;48;35
net.sf.freecol.common.model.FoundingFather.FoundingFatherType;9;n/a;4;n/a;7;2
net.sf.freecol.common.model.FoundingFatherTest;22;4;3;0;56;9
net.sf.freecol.common.model.FreeColGameObject;162;2;5;17;52;38
net.sf.freecol.common.model.FreeColGameObjectListener;n/a;n/a;n/a;n/a;3;n/a
net.sf.freecol.common.model.FreeColObject;390;1;11;12;193;159
net.sf.freecol.common.model.FreeColSpecObject;46;2;1;6;6;5
net.sf.freecol.common.model.FreeColSpecObjectType;65;3;3;18;65;35
net.sf.freecol.common.model.Game;350;3;5;1;260;199
net.sf.freecol.common.model.Game.FcgoState;1;n/a;2;n/a;2;0
net.sf.freecol.common.model.Game.LogoutReason;11;n/a;2;n/a;2;0
net.sf.freecol.common.model.GameTest;14;4;3;0;38;5
net.sf.freecol.common.model.GoldTradeItem;15;4;3;0;38;19
net.sf.freecol.common.model.Goods;85;3;7;0;55;35
net.sf.freecol.common.model.GoodsContainer;50;3;3;0;105;65
net.sf.freecol.common.model.GoodsContainerTest;7;4;1;0;14;1
net.sf.freecol.common.model.GoodsLocation;69;4;1;2;65;44
net.sf.freecol.common.model.GoodsTest;14;4;2;0;55;15
net.sf.freecol.common.model.GoodsTradeItem;22;4;3;1;53;25
net.sf.freecol.common.model.GoodsType;187;4;6;0;84;71
net.sf.freecol.common.model.HighScore;23;2;1;0;106;52
net.sf.freecol.common.model.HighScore.ScoreLevel;1;n/a;3;n/a;4;2
net.sf.freecol.common.model.HighScoreTest;7;4;1;0;14;1
net.sf.freecol.common.model.HighSeas;21;4;8;0;53;26
net.sf.freecol.common.model.HighSeasTest;9;4;1;0;8;1
net.sf.freecol.common.model.HistoryEvent;21;3;3;0;47;29
net.sf.freecol.common.model.HistoryEvent.HistoryEventType;12;n/a;3;n/a;8;3
net.sf.freecol.common.model.HitpointsCombatModel;12;3;1;0;25;10
net.sf.freecol.common.model.InciteTradeItem;14;4;3;0;43;19
net.sf.freecol.common.model.IndianNationType;22;5;6;0;60;35
net.sf.freecol.common.model.IndianSettlement;97;6;17;1;290;207
net.sf.freecol.common.model.IndianSettlement.ContactLevel;2;n/a;2;n/a;2;0
net.sf.freecol.common.model.IndianSettlementTest;15;4;2;0;32;3
net.sf.freecol.common.model.IndividualFatherTest;38;4;7;0;103;17
net.sf.freecol.common.model.LandMap;11;1;1;0;46;57
net.sf.freecol.common.model.LastSale;10;2;3;0;30;13
net.sf.freecol.common.model.Limit;20;4;2;0;51;50
net.sf.freecol.common.model.Limit.Operator;3;n/a;2;n/a;2;0
net.sf.freecol.common.model.LimitTest;27;4;2;0;60;4
net.sf.freecol.common.model.Locatable;n/a;n/a;n/a;n/a;5;n/a
net.sf.freecol.common.model.Location;n/a;n/a;n/a;n/a;21;n/a
net.sf.freecol.common.model.LostCityRumour;44;4;12;0;71;38
net.sf.freecol.common.model.LostCityRumour.RumourType;11;n/a;3;n/a;7;3
net.sf.freecol.common.model.Map;125;3;22;0;294;351
net.sf.freecol.common.model.Map.CircleIterator;5;1;2;0;15;21
net.sf.freecol.common.model.Map.Layer;12;n/a;2;n/a;2;0
net.sf.freecol.common.model.Map.MoveCandidate;9;1;1;0;32;12
net.sf.freecol.common.model.Map.MoveStep;1;n/a;2;n/a;2;0
net.sf.freecol.common.model.Map.Position;9;1;2;0;21;17
net.sf.freecol.common.model.Map.SearchHeuristic;n/a;n/a;n/a;n/a;1;n/a
net.sf.freecol.common.model.MapTest;30;4;8;0;112;31
net.sf.freecol.common.model.Market;49;3;3;0;119;69
net.sf.freecol.common.model.Market.Access;4;n/a;2;n/a;2;0
net.sf.freecol.common.model.MarketData;11;3;2;0;62;41
net.sf.freecol.common.model.MarketTest;11;4;4;0;27;6
net.sf.freecol.common.model.MarketWas;9;2;1;0;31;13
net.sf.freecol.common.model.ModelMessage;35;3;4;0;71;60
net.sf.freecol.common.model.ModelMessage.MessageType;20;n/a;4;n/a;8;4
net.sf.freecol.common.model.ModelMessageTest;12;4;2;0;27;3
net.sf.freecol.common.model.Modifier;76;4;2;0;82;54
net.sf.freecol.common.model.Modifier.ModifierType;15;n/a;2;n/a;2;0
net.sf.freecol.common.model.ModifierTest;12;4;1;0;53;12
net.sf.freecol.common.model.Monarch;32;3;2;0;127;112
net.sf.freecol.common.model.Monarch.MonarchAction;19;n/a;3;n/a;8;5
net.sf.freecol.common.model.MonarchTest;14;4;2;0;25;5
net.sf.freecol.common.model.Movable;n/a;n/a;n/a;n/a;2;n/a
net.sf.freecol.common.model.MovementTest;19;4;1;0;61;6
net.sf.freecol.common.model.Nameable;n/a;n/a;n/a;n/a;2;n/a
net.sf.freecol.common.model.Named;n/a;n/a;n/a;n/a;1;n/a
net.sf.freecol.common.model.Nation;54;4;6;0;46;26
net.sf.freecol.common.model.NationOptions;26;3;2;0;61;27
net.sf.freecol.common.model.NationOptions.Advantages;10;n/a;3;n/a;8;3
net.sf.freecol.common.model.NationOptions.NationState;21;n/a;3;n/a;8;3
net.sf.freecol.common.model.NationSummary;15;2;2;0;34;22
net.sf.freecol.common.model.NationType;46;4;4;2;48;27
net.sf.freecol.common.model.NationType.AggressionLevel;3;n/a;3;n/a;4;1
net.sf.freecol.common.model.NationType.SettlementNumber;4;n/a;3;n/a;4;1
net.sf.freecol.common.model.NationTypeTest;22;4;6;0;49;19
net.sf.freecol.common.model.NativeTrade;22;3;5;0;101;61
net.sf.freecol.common.model.NativeTrade.NativeTradeAction;8;n/a;4;n/a;5;3
net.sf.freecol.common.model.NativeTradeItem;16;5;3;0;45;19
net.sf.freecol.common.model.ObjectWas;5;1;1;4;1;0
net.sf.freecol.common.model.Occupation;12;1;1;0;40;17
net.sf.freecol.common.model.Operand;20;3;1;0;65;55
net.sf.freecol.common.model.Operand.OperandType;3;n/a;2;n/a;2;0
net.sf.freecol.common.model.Operand.ScopeLevel;3;n/a;2;n/a;2;0
net.sf.freecol.common.model.Ownable;n/a;n/a;n/a;n/a;2;n/a
net.sf.freecol.common.model.PathNode;44;1;1;0;32;43
net.sf.freecol.common.model.PathfindingTest;19;4;1;0;25;17
net.sf.freecol.common.model.Player;382;3;15;1;604;536
net.sf.freecol.common.model.Player.ColonyValueCategory;2;n/a;2;n/a;5;1
net.sf.freecol.common.model.Player.NoClaimReason;10;n/a;3;n/a;8;3
net.sf.freecol.common.model.Player.NoValueType;3;n/a;3;n/a;6;5
net.sf.freecol.common.model.Player.PlayerType;17;n/a;2;n/a;2;0
net.sf.freecol.common.model.PlayerTest;19;4;4;0;67;11
net.sf.freecol.common.model.PlunderType;7;4;2;0;16;9
net.sf.freecol.common.model.ProductionCache;20;1;1;0;63;24
net.sf.freecol.common.model.ProductionInfo;26;1;2;0;39;30
net.sf.freecol.common.model.ProductionMap;7;1;1;0;26;16
net.sf.freecol.common.model.ProductionMap.ProductionTree;6;1;1;0;28;19
net.sf.freecol.common.model.ProductionType;26;3;3;0;88;74
net.sf.freecol.common.model.ProductionTypeTest;10;4;1;0;60;41
net.sf.freecol.common.model.RandomRange;11;1;1;0;15;13
net.sf.freecol.common.model.RandomRangeTest;3;4;1;0;6;2
net.sf.freecol.common.model.Region;36;3;2;1;91;67
net.sf.freecol.common.model.Region.RegionType;8;n/a;4;n/a;9;5
net.sf.freecol.common.model.Resource;31;4;6;0;56;35
net.sf.freecol.common.model.ResourceType;27;4;3;0;23;11
net.sf.freecol.common.model.Role;75;5;10;0;96;57
net.sf.freecol.common.model.Role.RoleChange;3;1;2;0;4;3
net.sf.freecol.common.model.RoleTest;10;4;2;0;31;5
net.sf.freecol.common.model.SchoolTest;16;4;1;0;47;9
net.sf.freecol.common.model.SchoolTest.SchoolLevel;1;n/a;2;n/a;2;0
net.sf.freecol.common.model.Scope;25;2;2;1;49;76
net.sf.freecol.common.model.ScopeContainer;6;1;2;0;44;57
net.sf.freecol.common.model.ScopeTest;13;4;1;0;31;8
net.sf.freecol.common.model.SerializationTest;18;4;4;0;68;12
net.sf.freecol.common.model.Settlement;178;5;18;2;180;93
net.sf.freecol.common.model.SettlementTest;27;4;6;0;62;8
net.sf.freecol.common.model.SettlementType;29;4;2;0;60;48
net.sf.freecol.common.model.SimpleCombatModel;34;2;1;1;126;118
net.sf.freecol.common.model.SoLTest;7;4;1;0;14;2
net.sf.freecol.common.model.Specification;283;1;2;0;362;359
net.sf.freecol.common.model.Specification.AbilityReader;4;1;1;0;5;2
net.sf.freecol.common.model.Specification.ChildReader;n/a;n/a;n/a;n/a;1;n/a
net.sf.freecol.common.model.Specification.ModifierReader;4;1;1;0;5;2
net.sf.freecol.common.model.Specification.OptionReader;5;1;1;0;14;5
net.sf.freecol.common.model.Specification.Source;4;4;2;0;7;4
net.sf.freecol.common.model.Specification.TypeReader;5;1;1;0;20;9
net.sf.freecol.common.model.SpecificationTest;22;4;11;0;82;20
net.sf.freecol.common.model.Stance;47;n/a;4;n/a;16;49
net.sf.freecol.common.model.StanceTradeItem;15;4;3;0;37;25
net.sf.freecol.common.model.StringTemplate;141;2;2;2;96;89
net.sf.freecol.common.model.StringTemplate.TemplateType;5;n/a;2;n/a;2;0
net.sf.freecol.common.model.Tension;27;1;1;0;18;15
net.sf.freecol.common.model.Tension.Level;17;n/a;4;n/a;6;3
net.sf.freecol.common.model.Tile;245;4;3;0;436;366
net.sf.freecol.common.model.Tile.IndianSettlementInternals;4;1;1;0;7;4
net.sf.freecol.common.model.TileImprovement;52;4;4;0;130;125
net.sf.freecol.common.model.TileImprovementStyle;6;1;2;0;15;11
net.sf.freecol.common.model.TileImprovementTest;3;4;4;0;9;4
net.sf.freecol.common.model.TileImprovementType;52;4;4;0;113;78
net.sf.freecol.common.model.TileItem;21;3;12;3;32;14
net.sf.freecol.common.model.TileItemContainer;35;3;2;0;131;78
net.sf.freecol.common.model.TileItemContainerTest;15;4;1;0;28;6
net.sf.freecol.common.model.TileTest;33;4;2;0;134;47
net.sf.freecol.common.model.TileTest.Work;2;1;0;0;1;1
net.sf.freecol.common.model.TileType;82;4;4;0;93;81
net.sf.freecol.common.model.TileType.RangeType;2;n/a;2;n/a;2;0
net.sf.freecol.common.model.TileTypeChange;11;4;2;0;38;19
net.sf.freecol.common.model.TradeItem;24;3;16;6;41;26
net.sf.freecol.common.model.TradeLocation;n/a;n/a;n/a;n/a;7;n/a
net.sf.freecol.common.model.TradeRoute;36;3;2;0;93;54
net.sf.freecol.common.model.TradeRouteStop;26;3;4;0;77;39
net.sf.freecol.common.model.TradeRouteTest;18;4;1;0;40;1
net.sf.freecol.common.model.TransactionListener;n/a;n/a;n/a;n/a;2;n/a
net.sf.freecol.common.model.Turn;66;1;2;0;30;31
net.sf.freecol.common.model.TypeCountMap;15;1;1;0;35;15
net.sf.freecol.common.model.Unit;349;5;14;1;584;676
net.sf.freecol.common.model.Unit.ClosestSettlementGoalDecider;6;1;2;0;10;6
net.sf.freecol.common.model.Unit.MoveType;37;n/a;5;n/a;8;7
net.sf.freecol.common.model.Unit.PortMode;1;n/a;2;n/a;2;0
net.sf.freecol.common.model.Unit.UnitLabelType;21;n/a;2;n/a;2;0
net.sf.freecol.common.model.Unit.UnitState;36;n/a;3;n/a;4;1
net.sf.freecol.common.model.UnitChangeType;24;4;2;0;53;25
net.sf.freecol.common.model.UnitChangeTypeTest;13;4;1;0;36;4
net.sf.freecol.common.model.UnitIterator;3;1;1;0;20;16
net.sf.freecol.common.model.UnitLocation;136;3;7;5;90;64
net.sf.freecol.common.model.UnitLocation.NoAddReason;19;n/a;3;n/a;6;2
net.sf.freecol.common.model.UnitTest;31;4;3;0;122;25
net.sf.freecol.common.model.UnitTradeItem;15;4;3;0;44;20
net.sf.freecol.common.model.UnitType;170;5;11;0;121;112
net.sf.freecol.common.model.UnitTypeChange;19;4;2;0;32;12
net.sf.freecol.common.model.UnitWas;25;2;1;0;49;51
net.sf.freecol.common.model.WorkLocation;85;4;12;2;163;112
net.sf.freecol.common.model.WorkLocation.Suggestion;5;1;3;0;8;4
net.sf.freecol.common.model.mission.AbstractMission;10;3;2;3;23;13
net.sf.freecol.common.model.mission.CompoundMission;11;4;2;0;38;23
net.sf.freecol.common.model.mission.GoToMission;9;4;4;0;27;13
net.sf.freecol.common.model.mission.ImprovementMission;14;4;4;0;30;13
net.sf.freecol.common.model.mission.Mission;n/a;n/a;n/a;n/a;4;n/a
net.sf.freecol.common.model.mission.Mission.MissionState;4;n/a;2;n/a;2;0
net.sf.freecol.common.model.mission.MissionManager;6;1;1;0;14;3
net.sf.freecol.common.model.pathfinding.BaseCostDecider;12;1;1;3;14;17
net.sf.freecol.common.model.pathfinding.CostDecider;n/a;n/a;n/a;n/a;3;n/a
net.sf.freecol.common.model.pathfinding.CostDeciders;34;1;6;0;13;35
net.sf.freecol.common.model.pathfinding.CostDeciders.AvoidNavalDangerCostDecider;12;4;1;0;13;4
net.sf.freecol.common.model.pathfinding.CostDeciders.AvoidSettlementsAndBlockingUnitsCostDecider;9;3;1;1;7;4
net.sf.freecol.common.model.pathfinding.CostDeciders.AvoidSettlementsCostDecider;8;2;1;1;5;3
net.sf.freecol.common.model.pathfinding.CostDeciders.ServerBaseCostDecider;8;2;1;0;5;4
net.sf.freecol.common.model.pathfinding.CostDeciders.TileCostDecider;6;2;1;0;3;4
net.sf.freecol.common.model.pathfinding.GoalDecider;n/a;n/a;n/a;n/a;3;n/a
net.sf.freecol.common.model.pathfinding.GoalDeciders;25;1;11;0;13;76
net.sf.freecol.common.model.pathfinding.GoalDeciders.MultipleAdjacentDecider;7;1;2;0;4;9
net.sf.freecol.common.model.production.BuildingProductionCalculator;21;1;1;0;73;41
net.sf.freecol.common.model.production.ProductionUtils;14;1;1;0;21;11
net.sf.freecol.common.model.production.TileProductionCalculator;16;1;1;0;29;17
net.sf.freecol.common.model.production.WorkerAssignment;9;1;2;0;3;3
net.sf.freecol.common.networking.AbandonColonyMessage;13;4;3;0;16;6
net.sf.freecol.common.networking.AddPlayerMessage;15;5;4;0;27;13
net.sf.freecol.common.networking.AnimateAttackMessage;17;5;3;0;41;27
net.sf.freecol.common.networking.AnimateMoveMessage;17;5;3;0;32;20
net.sf.freecol.common.networking.AskSkillMessage;20;4;3;0;21;7
net.sf.freecol.common.networking.AssignTeacherMessage;15;4;3;0;18;11
net.sf.freecol.common.networking.AssignTradeRouteMessage;15;4;4;0;15;8
net.sf.freecol.common.networking.AttackMessage;17;4;3;0;22;8
net.sf.freecol.common.networking.AttackRangedMessage;15;4;3;0;21;8
net.sf.freecol.common.networking.AttributeMessage;91;3;3;72;21;12
net.sf.freecol.common.networking.BuildColonyMessage;14;4;3;0;21;10
net.sf.freecol.common.networking.CashInTreasureTrainMessage;13;4;3;0;16;7
net.sf.freecol.common.networking.ChangeSet;140;1;1;0;92;61
net.sf.freecol.common.networking.ChangeSet.AttackChange;11;2;1;0;26;12
net.sf.freecol.common.networking.ChangeSet.AttributeChange;5;2;1;0;13;3
net.sf.freecol.common.networking.ChangeSet.Change;17;1;4;11;7;5
net.sf.freecol.common.networking.ChangeSet.FeatureChange;8;2;1;0;15;7
net.sf.freecol.common.networking.ChangeSet.MessageChange;6;2;1;0;13;4
net.sf.freecol.common.networking.ChangeSet.MoveChange;12;2;1;0;31;14
net.sf.freecol.common.networking.ChangeSet.ObjectChange;13;2;1;0;21;15
net.sf.freecol.common.networking.ChangeSet.PartialObjectChange;7;2;1;0;17;4
net.sf.freecol.common.networking.ChangeSet.PlayerChange;6;2;1;0;17;5
net.sf.freecol.common.networking.ChangeSet.RemoveChange;14;2;1;0;25;14
net.sf.freecol.common.networking.ChangeSet.See;35;1;2;0;14;20
net.sf.freecol.common.networking.ChangeSet.SeeCheck;7;n/a;2;n/a;2;0
net.sf.freecol.common.networking.ChangeSet.SpyChange;8;2;1;0;14;4
net.sf.freecol.common.networking.ChangeSet.StanceChange;7;2;1;0;14;4
net.sf.freecol.common.networking.ChangeStateMessage;14;4;3;0;18;6
net.sf.freecol.common.networking.ChangeWorkImprovementTypeMessage;18;4;3;0;24;13
net.sf.freecol.common.networking.ChangeWorkTypeMessage;15;4;3;0;17;7
net.sf.freecol.common.networking.ChatMessage;16;4;3;0;31;12
net.sf.freecol.common.networking.ChooseFoundingFatherMessage;19;4;4;0;45;18
net.sf.freecol.common.networking.ClaimLandMessage;19;4;3;0;34;24
net.sf.freecol.common.networking.ClearSpecialityMessage;13;4;3;0;14;5
net.sf.freecol.common.networking.CloseMessage;11;4;3;0;11;6
net.sf.freecol.common.networking.Connection;39;1;2;1;89;62
net.sf.freecol.common.networking.ConnectionVerificationMessage;6;4;1;0;7;3
net.sf.freecol.common.networking.ContinueMessage;8;3;1;0;7;3
net.sf.freecol.common.networking.DeclareIndependenceMessage;12;4;3;0;13;8
net.sf.freecol.common.networking.DeclineMoundsMessage;17;4;3;0;18;6
net.sf.freecol.common.networking.DeleteTradeRouteMessage;14;4;4;0;15;6
net.sf.freecol.common.networking.DeliverGiftMessage;17;5;3;0;25;11
net.sf.freecol.common.networking.DemandTributeMessage;21;4;3;0;22;8
net.sf.freecol.common.networking.DiplomacyMessage;27;5;2;0;55;66
net.sf.freecol.common.networking.DisbandUnitMessage;13;4;3;0;14;5
net.sf.freecol.common.networking.DisconnectMessage;15;3;3;0;9;5
net.sf.freecol.common.networking.DisembarkMessage;14;4;3;0;14;5
net.sf.freecol.common.networking.EmbarkMessage;17;4;3;0;21;10
net.sf.freecol.common.networking.EmigrateUnitMessage;15;4;3;0;23;12
net.sf.freecol.common.networking.EndTurnMessage;8;3;2;0;8;4
net.sf.freecol.common.networking.EnterRevengeModeMessage;8;3;1;0;7;3
net.sf.freecol.common.networking.EquipForRoleMessage;15;4;3;0;23;10
net.sf.freecol.common.networking.ErrorMessage;14;5;3;0;33;15
net.sf.freecol.common.networking.FeatureChangeMessage;19;5;3;0;41;19
net.sf.freecol.common.networking.FirstContactMessage;16;4;2;0;37;21
net.sf.freecol.common.networking.FountainOfYouthMessage;10;4;2;0;15;7
net.sf.freecol.common.networking.GameEndedMessage;13;4;3;0;19;9
net.sf.freecol.common.networking.GameStateMessage;11;4;3;0;15;9
net.sf.freecol.common.networking.HighScoresMessage;14;5;2;0;25;9
net.sf.freecol.common.networking.InciteMessage;19;4;3;0;34;14
net.sf.freecol.common.networking.IndianDemandMessage;20;4;2;0;41;23
net.sf.freecol.common.networking.JoinColonyMessage;14;4;3;0;14;5
net.sf.freecol.common.networking.LearnSkillMessage;20;4;3;0;21;7
net.sf.freecol.common.networking.LoadGoodsMessage;17;4;3;0;23;10
net.sf.freecol.common.networking.LoginMessage;24;5;3;0;76;45
net.sf.freecol.common.networking.LogoutMessage;19;4;3;0;35;21
net.sf.freecol.common.networking.LootCargoMessage;18;5;2;0;34;13
net.sf.freecol.common.networking.Message;141;1;16;1;114;65
net.sf.freecol.common.networking.Message.MessagePriority;90;n/a;3;n/a;4;2
net.sf.freecol.common.networking.MessageHandler;n/a;n/a;n/a;n/a;2;n/a
net.sf.freecol.common.networking.MissionaryMessage;21;4;3;0;27;14
net.sf.freecol.common.networking.MonarchActionMessage;16;5;2;0;39;21
net.sf.freecol.common.networking.MoveMessage;18;4;3;0;20;6
net.sf.freecol.common.networking.MoveToMessage;15;4;3;0;17;6
net.sf.freecol.common.networking.MultipleMessage;15;4;1;0;45;32
net.sf.freecol.common.networking.NationSummaryMessage;17;5;2;0;32;13
net.sf.freecol.common.networking.NativeGiftMessage;15;4;4;0;16;6
net.sf.freecol.common.networking.NativeTradeMessage;22;5;2;0;37;17
net.sf.freecol.common.networking.NetworkReplyObject;2;1;2;0;9;8
net.sf.freecol.common.networking.NewLandNameMessage;18;4;2;0;27;12
net.sf.freecol.common.networking.NewRegionNameMessage;19;4;2;0;31;14
net.sf.freecol.common.networking.NewTradeRouteMessage;16;5;5;0;24;12
net.sf.freecol.common.networking.NewTurnMessage;11;4;3;0;16;7
net.sf.freecol.common.networking.ObjectMessage;24;4;1;21;17;10
net.sf.freecol.common.networking.PartialMessage;12;4;3;0;17;8
net.sf.freecol.common.networking.PayArrearsMessage;13;4;3;0;13;5
net.sf.freecol.common.networking.PayForBuildingMessage;13;4;3;0;14;5
net.sf.freecol.common.networking.PutOutsideColonyMessage;14;4;3;0;16;7
net.sf.freecol.common.networking.QuestionMessage;7;5;0;0;4;2
net.sf.freecol.common.networking.ReadyMessage;14;4;2;0;20;10
net.sf.freecol.common.networking.RearrangeColonyMessage;18;4;3;0;39;19
net.sf.freecol.common.networking.RearrangeColonyMessage.Arrangement;10;1;7;0;33;17
net.sf.freecol.common.networking.ReceivingThread;10;2;2;0;37;29
net.sf.freecol.common.networking.ReceivingThread.QuestionThread;5;2;1;0;10;3
net.sf.freecol.common.networking.ReceivingThread.UpdateThread;4;2;1;0;9;3
net.sf.freecol.common.networking.ReconnectMessage;8;3;2;0;9;4
net.sf.freecol.common.networking.RegisterServerMessage;6;5;0;0;4;2
net.sf.freecol.common.networking.RemoveMessage;13;4;3;0;27;11
net.sf.freecol.common.networking.RemoveServerMessage;6;5;0;0;4;2
net.sf.freecol.common.networking.RenameMessage;14;4;3;0;14;6
net.sf.freecol.common.networking.ReplyMessage;7;5;0;0;4;2
net.sf.freecol.common.networking.RequestLaunchMessage;8;3;1;0;7;3
net.sf.freecol.common.networking.RetireMessage;8;3;1;0;7;3
net.sf.freecol.common.networking.ScoutIndianSettlementMessage;21;4;3;0;22;8
net.sf.freecol.common.networking.ScoutSpeakToChiefMessage;21;4;4;0;30;13
net.sf.freecol.common.networking.ServerAPI;114;1;4;2;168;89
net.sf.freecol.common.networking.ServerInfoMessage;10;4;1;3;23;6
net.sf.freecol.common.networking.ServerListMessage;10;5;1;0;20;9
net.sf.freecol.common.networking.SetAIMessage;12;4;2;0;19;9
net.sf.freecol.common.networking.SetAvailableMessage;16;4;2;0;22;8
net.sf.freecol.common.networking.SetBuildQueueMessage;16;4;3;0;30;8
net.sf.freecol.common.networking.SetColorMessage;16;4;2;0;26;12
net.sf.freecol.common.networking.SetCurrentPlayerMessage;13;4;2;0;18;8
net.sf.freecol.common.networking.SetCurrentStopMessage;15;4;2;0;17;6
net.sf.freecol.common.networking.SetDeadMessage;12;4;3;0;16;7
net.sf.freecol.common.networking.SetDestinationMessage;14;4;2;0;16;6
net.sf.freecol.common.networking.SetGoodsLevelsMessage;16;5;3;0;24;10
net.sf.freecol.common.networking.SetNationMessage;19;4;2;0;31;15
net.sf.freecol.common.networking.SetNationTypeMessage;20;4;3;0;32;14
net.sf.freecol.common.networking.SetStanceMessage;13;4;3;0;20;10
net.sf.freecol.common.networking.SpySettlementMessage;25;5;3;0;44;18
net.sf.freecol.common.networking.StartGameMessage;8;3;2;0;8;4
net.sf.freecol.common.networking.TrainUnitInEuropeMessage;14;4;3;0;14;6
net.sf.freecol.common.networking.TrivialMessage;26;2;8;9;34;22
net.sf.freecol.common.networking.UnloadGoodsMessage;16;4;3;0;20;9
net.sf.freecol.common.networking.UpdateGameOptionsMessage;17;5;2;0;26;14
net.sf.freecol.common.networking.UpdateMapGeneratorOptionsMessage;17;5;2;0;25;14
net.sf.freecol.common.networking.UpdateMessage;17;5;5;0;29;14
net.sf.freecol.common.networking.UpdateServerMessage;6;5;0;0;4;2
net.sf.freecol.common.networking.UpdateTradeRouteMessage;13;5;2;0;18;9
net.sf.freecol.common.networking.VacantPlayersMessage;12;4;4;0;20;8
net.sf.freecol.common.networking.WorkMessage;16;4;3;0;22;10
net.sf.freecol.common.networking.WrapperMessage;15;4;1;2;28;16
net.sf.freecol.common.option.AbstractOption;26;3;4;12;49;35
net.sf.freecol.common.option.AbstractUnitOption;15;4;3;0;66;41
net.sf.freecol.common.option.AllTests;2;1;1;0;3;1
net.sf.freecol.common.option.AudioMixerOption;13;4;3;0;42;17
net.sf.freecol.common.option.AudioMixerOption.MixerWrapper;4;1;2;0;15;10
net.sf.freecol.common.option.BooleanOption;11;4;3;0;26;11
net.sf.freecol.common.option.FileOption;11;4;3;0;32;21
net.sf.freecol.common.option.GameOptions;49;1;1;0;1;1
net.sf.freecol.common.option.IntegerOption;25;4;2;2;42;27
net.sf.freecol.common.option.LanguageOption;12;4;3;0;35;17
net.sf.freecol.common.option.LanguageOption.Language;7;1;3;0;20;13
net.sf.freecol.common.option.ListOption;10;4;2;2;56;35
net.sf.freecol.common.option.MapGeneratorOptions;11;1;1;0;1;1
net.sf.freecol.common.option.ModListOption;8;5;2;0;11;4
net.sf.freecol.common.option.ModOption;10;4;4;0;33;18
net.sf.freecol.common.option.Option;n/a;n/a;n/a;n/a;9;n/a
net.sf.freecol.common.option.OptionContainer;n/a;n/a;n/a;n/a;37;n/a
net.sf.freecol.common.option.OptionGroup;46;4;7;2;103;77
net.sf.freecol.common.option.OptionTest;10;4;4;0;31;8
net.sf.freecol.common.option.PercentageOption;11;5;1;0;17;4
net.sf.freecol.common.option.RangeOption;9;6;4;0;18;10
net.sf.freecol.common.option.SelectOption;13;5;2;1;57;22
net.sf.freecol.common.option.StringOption;12;4;2;0;42;20
net.sf.freecol.common.option.TextOption;10;4;3;0;24;11
net.sf.freecol.common.option.UnitListOption;8;5;2;0;10;4
net.sf.freecol.common.option.UnitTypeOption;12;4;3;0;57;35
net.sf.freecol.common.option.UnitTypeOption.TypeSelector;2;n/a;2;n/a;2;0
net.sf.freecol.common.resources.AudioResource;6;2;2;0;17;7
net.sf.freecol.common.resources.ColorResource;4;2;3;0;22;10
net.sf.freecol.common.resources.FAFile;7;1;1;0;27;30
net.sf.freecol.common.resources.FAFile.CREatingInputStream;1;2;1;0;3;3
net.sf.freecol.common.resources.FAFile.FALetter;1;1;0;0;0;0
net.sf.freecol.common.resources.FAFile.FAName;1;1;0;0;0;0
net.sf.freecol.common.resources.FAFileResource;5;2;2;0;9;4
net.sf.freecol.common.resources.FontResource;4;2;2;0;25;7
net.sf.freecol.common.resources.ImageCache;11;1;1;0;35;28
net.sf.freecol.common.resources.ImageResource;17;2;2;0;60;45
net.sf.freecol.common.resources.PropertyList;3;1;1;0;10;7
net.sf.freecol.common.resources.Resource;16;1;3;8;6;4
net.sf.freecol.common.resources.Resource.Cleanable;n/a;n/a;n/a;n/a;1;n/a
net.sf.freecol.common.resources.ResourceFactory;10;1;1;0;27;15
net.sf.freecol.common.resources.ResourceManager;41;1;1;0;73;61
net.sf.freecol.common.resources.ResourceMapping;14;1;2;0;32;42
net.sf.freecol.common.resources.ResourceMapping.PreloadController;n/a;n/a;n/a;n/a;1;n/a
net.sf.freecol.common.resources.ResourceMapping.ResourceType;1;1;1;0;6;3
net.sf.freecol.common.resources.SZAResource;5;2;1;0;16;6
net.sf.freecol.common.resources.StringResource;5;2;2;0;10;5
net.sf.freecol.common.resources.Video;5;1;1;0;2;2
net.sf.freecol.common.resources.VideoResource;5;2;2;0;6;3
net.sf.freecol.common.sound.AllTests;1;1;1;0;3;1
net.sf.freecol.common.sound.OggVorbisDecoderFactory;3;1;1;0;6;2
net.sf.freecol.common.sound.OggVorbisDecoderFactory.OggStream;3;2;3;0;51;61
net.sf.freecol.common.sound.OggVorbisDecoderFactory.OggVorbisAudioInputStream;2;3;1;0;22;11
net.sf.freecol.common.sound.SoundPlayer;10;1;4;0;50;20
net.sf.freecol.common.sound.SoundPlayer.SoundPlayerThread;6;2;1;0;32;14
net.sf.freecol.common.sound.SoundTest;13;4;1;0;24;5
net.sf.freecol.common.util.CachingFunction;3;1;1;0;7;3
net.sf.freecol.common.util.CollectionUtils;236;1;38;0;258;269
net.sf.freecol.common.util.ImageUtils;37;1;3;0;47;27
net.sf.freecol.common.util.Introspector;9;1;7;0;46;30
net.sf.freecol.common.util.Introspector.IntrospectorException;6;4;0;0;4;2
net.sf.freecol.common.util.LogBuilder;94;1;1;0;34;42
net.sf.freecol.common.util.OSUtils;5;1;1;0;17;9
net.sf.freecol.common.util.RandomChoice;26;1;1;0;15;16
net.sf.freecol.common.util.RandomUtils;30;1;2;0;25;19
net.sf.freecol.common.util.RandomUtils.RandomIntCache;4;1;1;0;8;5
net.sf.freecol.common.util.StringUtils;61;1;7;0;38;43
net.sf.freecol.common.util.Utils;68;1;7;0;86;40
net.sf.freecol.common.utils.AllTests;2;1;1;0;3;1
net.sf.freecol.common.utils.UtilsTest;3;4;2;0;11;5
net.sf.freecol.metaserver.MetaRegister;6;1;1;0;34;20
net.sf.freecol.metaserver.MetaServer;4;2;2;0;32;10
net.sf.freecol.metaserver.MetaServerHandler;14;1;2;0;28;15
net.sf.freecol.server.AllTests;5;1;1;0;7;1
net.sf.freecol.server.FreeColServer;182;1;1;0;255;125
net.sf.freecol.server.FreeColServer.ServerState;10;n/a;3;n/a;4;2
net.sf.freecol.server.SaveLoadTest;12;4;4;0;27;4
net.sf.freecol.server.ServerTestHelper;36;1;1;0;46;17
net.sf.freecol.server.ai.AIColony;66;3;2;0;304;215
net.sf.freecol.server.ai.AIColonyTest;31;4;2;0;65;15
net.sf.freecol.server.ai.AIGoods;34;5;4;0;99;68
net.sf.freecol.server.ai.AIInGameInputHandler;9;2;2;0;16;7
net.sf.freecol.server.ai.AIMain;67;2;2;0;118;88
net.sf.freecol.server.ai.AIMessage;42;1;38;0;81;38
net.sf.freecol.server.ai.AIObject;41;2;5;5;32;19
net.sf.freecol.server.ai.AIPlayer;90;3;9;1;125;58
net.sf.freecol.server.ai.AIServerAPI;3;2;2;0;7;6
net.sf.freecol.server.ai.AIUnit;67;5;4;0;194;155
net.sf.freecol.server.ai.AllTests;9;1;1;0;5;1
net.sf.freecol.server.ai.Cargo;26;1;1;0;104;83
net.sf.freecol.server.ai.Cargo.CargoMode;3;n/a;3;n/a;3;1
net.sf.freecol.server.ai.Cargo.CargoPlan;8;1;1;0;19;15
net.sf.freecol.server.ai.ColonyPlan;35;1;1;0;202;218
net.sf.freecol.server.ai.ColonyPlan.BuildPlan;3;1;1;0;5;3
net.sf.freecol.server.ai.ColonyPlan.ProfileType;1;n/a;3;n/a;3;5
net.sf.freecol.server.ai.ColonyPlanTest;29;4;2;0;66;14
net.sf.freecol.server.ai.ContactTest;19;4;2;0;37;8
net.sf.freecol.server.ai.EuropeanAIPlayer;99;5;7;1;466;525
net.sf.freecol.server.ai.GoodsWish;21;5;4;0;50;25
net.sf.freecol.server.ai.MissionAIPlayer;30;4;8;2;78;53
net.sf.freecol.server.ai.MissionAssignmentTest;35;4;2;0;76;14
net.sf.freecol.server.ai.NativeAIPlayer;58;5;6;0;201;165
net.sf.freecol.server.ai.REFAIPlayer;42;6;3;0;174;135
net.sf.freecol.server.ai.REFAIPlayer.REFNavyGoalDecider;8;1;3;0;15;5
net.sf.freecol.server.ai.REFAIPlayer.TargetTuple;5;1;1;0;9;8
net.sf.freecol.server.ai.REFTest;17;4;3;0;39;7
net.sf.freecol.server.ai.StandardAIPlayerTest;19;4;2;0;35;17
net.sf.freecol.server.ai.TensionTest;25;4;2;0;43;4
net.sf.freecol.server.ai.TileImprovementPlan;21;4;1;0;73;36
net.sf.freecol.server.ai.TransportableAIObject;27;4;14;2;48;30
net.sf.freecol.server.ai.ValuedAIObject;13;3;1;3;20;10
net.sf.freecol.server.ai.Wish;22;4;3;2;39;21
net.sf.freecol.server.ai.WorkLocationPlan;8;3;2;0;18;8
net.sf.freecol.server.ai.WorkerWish;20;5;3;0;47;24
net.sf.freecol.server.ai.military.DefensiveMap;17;1;3;0;69;26
net.sf.freecol.server.ai.military.DefensiveMap.SearchNode;3;1;2;0;4;3
net.sf.freecol.server.ai.military.DefensiveZone;10;1;4;0;38;23
net.sf.freecol.server.ai.military.MilitaryCoordinator;23;1;2;0;105;71
net.sf.freecol.server.ai.mission.AllTests;6;1;1;0;3;1
net.sf.freecol.server.ai.mission.BuildColonyMission;29;4;3;0;99;78
net.sf.freecol.server.ai.mission.CashInTreasureTrainMission;25;4;3;0;83;62
net.sf.freecol.server.ai.mission.DefendSettlementMission;32;4;3;0;87;65
net.sf.freecol.server.ai.mission.EscortUnitMission;16;4;4;0;51;36
net.sf.freecol.server.ai.mission.IdleAtSettlementMission;13;4;5;0;34;22
net.sf.freecol.server.ai.mission.IndianBringGiftMission;25;4;3;0;66;49
net.sf.freecol.server.ai.mission.IndianDemandMission;36;4;3;0;102;69
net.sf.freecol.server.ai.mission.Mission;63;3;11;17;145;133
net.sf.freecol.server.ai.mission.MissionaryMission;27;4;3;0;79;63
net.sf.freecol.server.ai.mission.PioneeringMission;38;4;3;0;123;119
net.sf.freecol.server.ai.mission.PioneeringMissionTest;27;4;2;0;46;2
net.sf.freecol.server.ai.mission.PrivateerMission;29;4;3;0;87;73
net.sf.freecol.server.ai.mission.PrivateerMissionTest;19;4;2;0;33;4
net.sf.freecol.server.ai.mission.ScoutingMission;32;4;3;0;93;79
net.sf.freecol.server.ai.mission.ScoutingMissionTest;25;4;2;0;48;2
net.sf.freecol.server.ai.mission.TransportMission;42;4;4;0;234;257
net.sf.freecol.server.ai.mission.TransportMission.CargoResult;1;n/a;2;n/a;2;0
net.sf.freecol.server.ai.mission.TransportMissionTest;39;4;2;0;81;7
net.sf.freecol.server.ai.mission.UnitSeekAndDestroyMission;34;4;3;0;105;82
net.sf.freecol.server.ai.mission.UnitSeekAndDestroyMissionTest;20;4;2;0;34;3
net.sf.freecol.server.ai.mission.UnitWanderHostileMission;15;4;6;0;34;20
net.sf.freecol.server.ai.mission.UnitWanderMission;7;4;6;0;19;10
net.sf.freecol.server.ai.mission.WishRealizationMission;20;4;4;0;55;32
net.sf.freecol.server.ai.mission.WorkInsideColonyMission;15;4;3;0;40;24
net.sf.freecol.server.control.AllTests;2;1;1;0;3;1
net.sf.freecol.server.control.Controller;8;2;1;2;9;3
net.sf.freecol.server.control.FreeColServerHolder;8;1;1;4;4;3
net.sf.freecol.server.control.InGameController;188;3;38;0;594;398
net.sf.freecol.server.control.InGameControllerTest;61;4;3;0;260;48
net.sf.freecol.server.control.PreGameController;24;3;9;0;55;18
net.sf.freecol.server.control.ServerInputHandler;10;2;2;0;20;6
net.sf.freecol.server.control.UserConnectionHandler;11;2;2;0;16;7
net.sf.freecol.server.generator.AllTests;2;1;1;0;3;1
net.sf.freecol.server.generator.ColonizationMapLoader;11;1;1;0;19;15
net.sf.freecol.server.generator.FreeColMapLoader;18;1;1;0;47;15
net.sf.freecol.server.generator.MapGenerator;n/a;n/a;n/a;n/a;2;n/a
net.sf.freecol.server.generator.MapGeneratorTest;24;4;1;0;66;18
net.sf.freecol.server.generator.MapLayerGenerator;n/a;n/a;n/a;n/a;2;n/a
net.sf.freecol.server.generator.MapLoader;n/a;n/a;n/a;n/a;2;n/a
net.sf.freecol.server.generator.River;18;1;1;0;54;44
net.sf.freecol.server.generator.River.DirectionChange;2;n/a;3;n/a;3;14
net.sf.freecol.server.generator.RiverSection;5;1;2;0;20;13
net.sf.freecol.server.generator.SimpleMapGenerator;61;1;2;0;230;148
net.sf.freecol.server.generator.SimpleMapGenerator.Territory;5;1;1;0;6;5
net.sf.freecol.server.generator.TerrainGenerator;30;1;1;0;149;136
net.sf.freecol.server.model.AllTests;6;1;1;0;3;1
net.sf.freecol.server.model.DiplomacySession;17;3;3;0;48;32
net.sf.freecol.server.model.LootSession;6;2;2;0;8;3
net.sf.freecol.server.model.MonarchSession;8;2;1;0;20;18
net.sf.freecol.server.model.NativeDemandSession;15;3;1;0;31;13
net.sf.freecol.server.model.NativeTradeSession;6;2;2;0;30;6
net.sf.freecol.server.model.ServerBuilding;36;6;2;0;61;26
net.sf.freecol.server.model.ServerBuildingTest;25;4;1;0;81;37
net.sf.freecol.server.model.ServerBuildingTest.SchoolLevel;1;n/a;2;n/a;2;0
net.sf.freecol.server.model.ServerColony;57;7;3;0;209;118
net.sf.freecol.server.model.ServerColonyTest;27;4;1;0;80;12
net.sf.freecol.server.model.ServerColonyTile;21;6;1;0;35;10
net.sf.freecol.server.model.ServerEurope;29;5;5;0;80;30
net.sf.freecol.server.model.ServerGame;58;4;5;0;170;85
net.sf.freecol.server.model.ServerIndianSettlement;43;7;2;0;137;52
net.sf.freecol.server.model.ServerIndianSettlementTest;17;4;1;0;43;5
net.sf.freecol.server.model.ServerPlayer;209;4;5;0;644;601
net.sf.freecol.server.model.ServerPlayer.DeadCheck;3;n/a;2;n/a;2;0
net.sf.freecol.server.model.ServerPlayerTest;29;4;5;0;84;23
net.sf.freecol.server.model.ServerRegion;24;4;2;0;79;72
net.sf.freecol.server.model.ServerUnit;121;6;2;0;249;140
net.sf.freecol.server.model.ServerUnitTest;37;4;1;0;107;17
net.sf.freecol.server.model.Session;14;1;1;4;29;19
net.sf.freecol.server.model.TimedSession;4;2;2;2;12;5
net.sf.freecol.server.model.TurnTaker;n/a;n/a;n/a;n/a;1;n/a
net.sf.freecol.server.networking.DummyConnection;5;2;1;0;14;10
net.sf.freecol.server.networking.Server;8;2;3;0;41;23
net.sf.freecol.tools.ColonizationMapReader;1;1;1;0;11;15
net.sf.freecol.tools.ColonizationSaveGameReader;4;1;2;0;21;7
net.sf.freecol.tools.ColonizationSaveGameReader.Colonist;1;1;1;0;3;3
net.sf.freecol.tools.ColonizationSaveGameReader.ColonyData;2;1;1;0;6;6
net.sf.freecol.tools.ColonizationSaveGameReader.GameData;1;1;1;0;4;3
net.sf.freecol.tools.ColonizationSaveGameReader.PlayerData;1;1;1;0;4;3
net.sf.freecol.tools.DesktopEntry;1;1;1;0;21;12
net.sf.freecol.tools.FSGConverter;2;1;1;0;30;23
net.sf.freecol.tools.FlagTest;8;6;3;0;59;21
net.sf.freecol.tools.ForestMaker;2;1;1;0;44;22
net.sf.freecol.tools.ForestMaker.ImageLocation;1;1;1;0;6;6
net.sf.freecol.tools.GenerateDocumentation;4;1;3;0;44;20
net.sf.freecol.tools.InstallerTranslations;2;1;1;0;27;17
net.sf.freecol.tools.MapConverter;7;1;1;0;16;4
net.sf.freecol.tools.MergeTranslations;3;1;1;0;32;14
net.sf.freecol.tools.RiverMaker;1;1;1;0;29;16
net.sf.freecol.tools.SaveGameValidator;2;1;1;0;23;6
net.sf.freecol.tools.Texture2Tile;2;1;1;0;38;18
net.sf.freecol.tools.TranslationReport;2;1;1;0;42;39
net.sf.freecol.tools.TranslationReport.LanguageStatsRecord;1;1;0;0;0;0
net.sf.freecol.util.test.FreeColTestCase;108;3;8;69;107;52
net.sf.freecol.util.test.FreeColTestCase.IndianSettlementBuilder;30;1;1;0;29;22
net.sf.freecol.util.test.FreeColTestCase.MapBuilder;10;1;1;0;24;24
net.sf.freecol.util.test.FreeColTestUtils;15;1;2;0;10;4
net.sf.freecol.util.test.FreeColTestUtils.ColonyBuilder;22;1;1;0;36;21
net.sf.freecol.util.test.MockMapGenerator;13;1;1;0;12;8
net.sf.freecol.util.test.MockPseudoRandom;4;2;1;0;16;13
